seloger_quartier,code_postal,Nombre de pièces,Époque de construction,LNM - Loyer de référence,LNM - Loyer de référence majoré,LNM - Loyer de référence minoré,LM - Majoration unitaire du loyer de référence,LM - Loyer de référence,LM - Loyer de référence majoré,LM - Loyer de référence minoré
Antiquaire - Notre Dame ,38000,1,avant 1946,16.695835864600042,19.99500303752005,11.697085105220028,1.1995835864600042,17.895419451060043,21.494378417210058,12.496876898450031
Berriat-Ampere,38000,1,avant 1946,14.74889766269517,17.658677195234205,10.334210300195785,1.0049078299603513,15.753805492655522,18.866038940174732,11.03666421517596
Centre-ville - Victor Hugo,38000,1,avant 1946,16.65646451472522,19.94775741767026,11.669525160307652,1.1956464514725218,17.85211096619774,21.441227094879043,12.467348386043913
Championnet-Caserne de Bonne,38000,1,avant 1946,16.680090920330922,19.976109104397104,11.686063644231645,1.1980090920330921,17.878100012364012,21.473122742446744,12.48506819024819
Hoche,38000,1,avant 1946,14.725032402283823,17.63003888274059,10.317522681598678,1.0025032402283824,15.727535642512207,18.833793743083163,11.018774301712869
Ile Verte,38000,1,avant 1946,16.653424209713254,19.944109051655904,11.666805558126445,1.195933809644159,17.84935801935741,21.438009766122143,12.464772462948524
Mutualité,38000,1,avant 1946,16.672099667093967,19.96651960051277,11.680365609764072,1.1973141239111043,17.869413791005076,21.46249078637942,12.479022671719626
Préfecture,38000,1,avant 1946,16.680524007953093,19.976628809543712,11.686366805567165,1.1980524007953093,17.8785764087484,21.473707410736676,12.48539300596482
Saint Laurent,38000,1,avant 1946,14.699604268912159,17.599525122694594,10.298472466660126,1.0012109484696037,15.700815217381763,18.801341545398998,10.999077940894926
Abbaye,38100,1,avant 1946,14.692695592048892,17.59123471045867,10.293506894082899,1.000649579556216,15.693345171605108,18.792209079792997,10.993831683861005
Abry,38100,1,avant 1946,14.691606234726132,17.58992748167136,10.293284987780906,1.0,15.691606234726132,18.78992748167136,10.993284987780905
Allies-Clos d'Or,38100,1,avant 1946,14.705797501388764,17.60695700166652,10.304058250972137,1.0005797501388765,15.706377251527641,18.80782662687483,11.004348126041574
Arlequin,38100,1,avant 1946,14.341989704753537,17.170387645704245,10.01359176380283,1.0,15.341989704753537,18.370387645704245,10.71359176380283
Antiquaire - Notre Dame ,38000,1,1946-1970,16.096876898450034,19.296252278140038,11.297709725530025,1.0997917932300023,17.19666869168003,20.59604407137004,11.997709725530024
Berriat-Ampere,38000,1,1946-1970,14.636772597320967,17.544134342261493,10.226993064781931,1.0024539149801757,15.639226512301143,18.74658825724167,10.926993064781932
Centre-ville - Victor Hugo,38000,1,1946-1970,16.067348386043914,19.260818063252696,11.27605548309887,1.097823225736261,17.16517161178017,20.558641288988955,11.97605548309887
Championnet-Caserne de Bonne,38000,1,1946-1970,16.085068190248194,19.28208182829783,11.289050006182007,1.0990045460165463,17.18407273626474,20.581086374314378,11.989050006182007
Hoche,38000,1,1946-1970,14.618774301712868,17.52252916205544,10.213767821256102,1.0012516201141912,15.62002592182706,18.72378078216963,10.913767821256103
Ile Verte,38000,1,1946-1970,16.068320794985528,19.262221509451763,11.277635953042875,1.0979669048220795,17.166287699807604,20.560188414273846,11.977635953042876
Mutualité,38000,1,1946-1970,16.07964761492987,19.275618800796526,11.285227681511072,1.0986570619555522,17.178304676885418,20.57427586275208,11.985227681511073
Préfecture,38000,1,1946-1970,16.08539300596482,19.282471607157785,11.289288204374202,1.0990262003976548,17.184419206362474,20.58149780755544,11.989288204374201
Saint Laurent,38000,1,1946-1970,14.606581070365252,17.50839749306966,10.20666021658282,1.0006054742348018,15.607186544600054,18.70900296730446,10.906660216582821
Abbaye,38100,1,1946-1970,14.602111805968965,17.50308617530329,10.203572687559188,1.000324789778108,15.602436595747076,18.7034109650814,10.903572687559189
Abry,38100,1,1946-1970,14.598321246945225,17.498321246945228,10.2,1.0,15.598321246945227,18.698321246945227,10.9
Allies-Clos d'Or,38100,1,1946-1970,14.604348126041574,17.505217751249887,10.20318862576382,1.0002898750694382,15.604638001111011,18.705507626319324,10.903188625763821
Arlequin,38100,1,1946-1970,14.528397940950708,17.428397940950706,10.2,1.0,15.528397940950708,18.62839794095071,10.9
Antiquaire - Notre Dame ,38000,1,1971-1990,15.899375379690005,19.099167172920012,11.099583586460003,1.1,16.999375379690008,20.399167172920006,11.899583586460004
Berriat-Ampere,38000,1,1971-1990,15.607072725887175,18.709490513485683,10.904727193052006,1.0999638726183312,16.707036598505507,20.009454386104014,11.704691065670337
Centre-ville - Victor Hugo,38000,1,1971-1990,15.893469677208783,19.091292902945042,11.095646451472522,1.1,16.993469677208783,20.391292902945043,11.895646451472523
Championnet-Caserne de Bonne,38000,1,1971-1990,15.89701363804964,19.096018184066185,11.098009092033092,1.1,16.997013638049637,20.396018184066182,11.898009092033094
Hoche,38000,1,1971-1990,15.60375486034257,18.705006480456763,10.90250324022838,1.0999999999999999,16.70375486034257,20.005006480456764,11.70250324022838
Ile Verte,38000,1,1971-1990,15.884438495700902,19.081222623177315,11.090019922915824,1.0988172226543327,16.983255718355235,20.380039845831647,11.888837145570156
Mutualité,38000,1,1971-1990,15.894304670639343,19.09275341819148,11.096272551894033,1.0997916855965857,16.99409635623593,20.392545103788063,11.896064237490618
Préfecture,38000,1,1971-1990,15.897078601192964,19.09610480159062,11.098052400795309,1.1,16.997078601192964,20.396104801590617,11.89805240079531
Saint Laurent,38000,1,1971-1990,15.581808077450203,18.67991250852823,10.888705732685727,1.0974989568432247,16.679307034293426,19.977411465371453,11.686204689528953
Abbaye,38100,1,1971-1990,15.578894043713097,18.67645879278855,10.88684937604295,1.0972399592973465,16.67613400301044,19.973698752085898,11.684089335340294
Abry,38100,1,1971-1990,15.58656997556181,18.684891222507034,10.891606234726131,1.0983212469452261,16.684891222507034,19.983212469452262,11.689927481671356
Allies-Clos d'Or,38100,1,1971-1990,15.600869625208315,18.701159500277754,10.900579750138878,1.1,16.700869625208316,20.001159500277755,11.700579750138877
Arlequin,38100,1,1971-1990,15.027183527605661,18.05558146855637,10.541989704753538,1.0283979409507078,16.05558146855637,19.283979409507076,11.270387645704245
Antiquaire - Notre Dame ,38000,1,après 1990,16.000416413539995,19.200416413539994,11.200208206769997,1.1,17.100416413539996,20.500624620309992,12.000208206769997
Berriat-Ampere,38000,1,après 1990,16.19469476884129,19.394622514077952,11.297293193348143,1.1,17.294694768841293,20.79213247171611,12.097257065966472
Centre-ville - Victor Hugo,38000,1,après 1990,16.004353548527476,19.20435354852748,11.202176774263737,1.1,17.104353548527477,20.506530322791214,12.002176774263738
Championnet-Caserne de Bonne,38000,1,après 1990,16.00199090796691,19.20199090796691,11.200995453983454,1.1,17.10199090796691,20.502986361950363,12.000995453983455
Hoche,38000,1,après 1990,16.197496759771614,19.397496759771613,11.298748379885808,1.0999999999999999,17.297496759771615,20.796245139657422,12.098748379885807
Ile Verte,38000,1,après 1990,15.991055639553503,19.18869008486217,11.19375365375825,1.0999999999999999,17.091055639553506,20.489540402694423,11.992570876412586
Mutualité,38000,1,après 1990,16.00039441765134,19.19997778884451,11.199884737220547,1.1,17.100394417651337,20.50111241248554,11.999676422817133
Préfecture,38000,1,après 1990,16.00194759920469,19.20194759920469,11.200973799602345,1.1,17.101947599204692,20.502921398807036,12.000973799602345
Saint Laurent,38000,1,après 1990,16.171277576805867,19.366275490492317,11.281887223667772,1.1,17.271277576805872,20.763168973100743,12.079386180510996
Abbaye,38100,1,après 1990,16.168989972714595,19.363469891309286,11.280354925303318,1.1,17.268989972714596,20.760385060828526,12.077594884600664
Abry,38100,1,après 1990,16.181533716397485,19.37817621028794,11.288248728616585,1.1,17.281533716397487,20.776497457233166,12.08656997556181
Allies-Clos d'Or,38100,1,après 1990,16.199420249861124,19.399420249861123,11.299710124930563,1.1,17.299420249861125,20.799130374791687,12.099710124930562
Arlequin,38100,1,après 1990,15.412377350457785,18.4691732323592,10.798785586654954,1.1,16.512377350457783,19.79757117330991,11.527183527605661
Antiquaire - Notre Dame ,38000,2,avant 1946,12.79812613907002,15.397709725530024,8.998542552610015,0.8997917932300021,13.69791793230002,16.397501518760023,9.598542552610013
Berriat-Ampere,38000,2,avant 1946,11.922265871729927,14.327209829071947,8.317321914387906,0.8024900423618446,12.72475591409177,15.229735998815459,8.917321914387907
Centre-ville - Victor Hugo,38000,2,avant 1946,12.780409031626348,15.37605548309887,8.984762580153827,0.8978232257362608,13.678232257362607,16.37387870883513,9.584762580153827
Championnet-Caserne de Bonne,38000,2,avant 1946,12.791040914148917,15.389050006182009,8.993031822115823,0.8990045460165461,13.690045460165459,16.388054552198554,9.593031822115822
Hoche,38000,2,avant 1946,11.911264581027721,14.313767821256103,8.30876134079934,0.8012516201141913,12.712516201141911,15.215019441370293,8.90876134079934
Ile Verte,38000,2,avant 1946,12.787616030127053,15.384732617116878,8.990499443137226,0.8991496821677466,13.686765712294797,16.385065076630287,9.590499443137226
Mutualité,38000,2,avant 1946,12.788955129617042,15.38647756793156,8.991432691302522,0.8988653763589666,13.687820505976006,16.38555125869394,9.591432691302524
Préfecture,38000,2,avant 1946,12.791235803578893,15.389288204374202,8.993183402783583,0.8990262003976547,13.690262003976546,16.388314404771855,9.593183402783582
Saint Laurent,38000,2,avant 1946,11.917954483897093,14.321666475523472,8.314242492270715,0.8031065173915771,12.72106100128867,15.227274036071824,8.914242492270715
Abbaye,38100,2,avant 1946,11.91672331151624,14.32013293177511,8.31331369125737,0.8030848304807616,12.719808141997001,15.225977802958523,8.913313691257372
Abry,38100,2,avant 1946,11.908393765273871,14.310072518328646,8.306715012219097,0.801678753054774,12.710072518328644,15.213430024438193,8.906715012219097
Allies-Clos d'Or,38100,2,avant 1946,11.902608875624944,14.303188625763822,8.302029125486069,0.8002898750694383,12.702898750694382,15.203478500833258,8.902029125486068
Arlequin,38100,2,avant 1946,12.258010295246462,14.729612354295755,8.586408236197169,0.8716020590492923,13.129612354295753,15.77281647239434,9.18640823619717
Antiquaire - Notre Dame ,38000,2,1946-1970,12.49895896615001,14.998750759380012,8.79916717292001,0.8997917932300021,13.398750759380011,16.098542552610017,9.39916717292001
Berriat-Ampere,38000,2,1946-1970,12.012414084427554,14.414904126789398,8.40992404206571,0.8024900423618446,12.814904126789399,15.417394169151244,9.00992404206571
Centre-ville - Victor Hugo,38000,2,1946-1970,12.489116128681305,14.986939354417563,8.791292902945044,0.8978232257362608,13.386939354417565,16.084762580153825,9.391292902945043
Championnet-Caserne de Bonne,38000,2,1946-1970,12.49502273008273,14.994027276099278,8.796018184066186,0.8990045460165461,13.394027276099278,16.093031822115826,9.396018184066184
Hoche,38000,2,1946-1970,12.006258100570955,14.407509720685146,8.405006480456764,0.8012516201141913,12.807509720685147,15.408761340799337,9.005006480456764
Ile Verte,38000,2,1946-1970,12.494565633493067,14.993715315660813,8.79541595132532,0.8991496821677466,13.393715315660812,16.09286499782856,9.39541595132532
Mutualité,38000,2,1946-1970,12.49411856739142,14.992983943750383,8.795253191032453,0.8988653763589666,13.392983943750385,16.09184932010935,9.395253191032452
Préfecture,38000,2,1946-1970,12.495131001988273,14.994157202385928,8.79610480159062,0.8990262003976547,13.394157202385928,16.093183402783584,9.396104801590619
Saint Laurent,38000,2,1946-1970,12.01303154380111,14.416138061192688,8.409925026409534,0.8031065173915771,12.816138061192689,15.419244578584266,9.009925026409533
Abbaye,38100,2,1946-1970,12.012664111701154,14.415748942181915,8.409579281220392,0.8030848304807616,12.815748942181918,15.418833772662678,9.009579281220393
Abry,38100,2,1946-1970,12.006715012219098,14.408393765273871,8.405036259164323,0.801678753054774,12.808393765273872,15.410072518328645,9.005036259164322
Allies-Clos d'Or,38100,2,1946-1970,12.00144937534719,14.40173925041663,8.401159500277753,0.8002898750694383,12.801739250416631,15.402029125486068,9.001159500277753
Arlequin,38100,2,1946-1970,12.28640823619717,14.758010295246462,8.614806177147877,0.8716020590492923,13.158010295246463,15.829612354295755,9.214806177147878
Antiquaire - Notre Dame ,38000,2,1971-1990,13.298334345840017,15.997917932300021,9.29895896615001,0.9,14.198334345840015,16.99812613907002,9.898958966150012
Berriat-Ampere,38000,2,1971-1990,12.519631319841405,15.024539149801756,8.81226957490088,0.9,13.419631319841406,16.122085234821583,9.412269574900877
Centre-ville - Victor Hugo,38000,2,1971-1990,13.282585805890088,15.978232257362608,9.289116128681306,0.8999999999999999,14.182585805890087,16.980409031626348,9.889116128681305
Championnet-Caserne de Bonne,38000,2,1971-1990,13.292036368132369,15.990045460165462,9.295022730082731,0.9,14.192036368132369,16.991040914148915,9.895022730082731
Hoche,38000,2,1971-1990,12.510012960913528,15.012516201141912,8.806258100570956,0.8999999999999999,13.410012960913528,16.111264581027722,9.406258100570955
Ile Verte,38000,2,1971-1990,13.283735238576638,15.979669048220796,9.289834524110397,0.9,14.183735238576634,16.981702143398717,9.8898345241104
Mutualité,38000,2,1971-1990,13.289256495644418,15.986570619555522,9.293285309777762,0.9,14.189256495644416,16.98791355759997,9.893285309777761
Préfecture,38000,2,1971-1990,13.292209603181238,15.990262003976547,9.295131001988274,0.9,14.192209603181237,16.991235803578892,9.895131001988274
Saint Laurent,38000,2,1971-1990,12.504843793878415,15.006054742348018,8.80302737117401,0.9,13.404843793878415,16.10544926811322,9.40302737117401
Abbaye,38100,2,1971-1990,12.502598318224864,15.00324789778108,8.80162394889054,0.9,13.402598318224864,16.102923108002972,9.40162394889054
Abry,38100,2,1971-1990,12.5,15.000000000000002,8.8,0.9,13.4,16.1,9.400000000000002
Allies-Clos d'Or,38100,2,1971-1990,12.502319000555506,15.002898750694383,8.801449375347191,0.9,13.402319000555506,16.102608875624945,9.401449375347191
Arlequin,38100,2,1971-1990,12.5,15.0,8.8,0.9,13.4,16.1,9.4
Antiquaire - Notre Dame ,38000,2,après 1990,13.798334345840017,16.59791793230002,9.698750759380012,0.9997917932300021,14.798126139070018,17.797709725530023,10.398542552610015
Berriat-Ampere,38000,2,après 1990,13.019775829368081,15.6247197867101,9.114831872026059,0.9024539149801757,13.922229744348256,16.727173701690276,9.717285787006237
Centre-ville - Victor Hugo,38000,2,après 1990,13.782585805890086,16.578232257362608,9.686939354417564,0.9978232257362608,14.780409031626348,17.77605548309887,10.384762580153826
Championnet-Caserne de Bonne,38000,2,après 1990,13.79203636813237,16.590045460165463,9.694027276099277,0.9990045460165461,14.791040914148915,17.789050006182006,10.393031822115825
Hoche,38000,2,après 1990,13.010012960913528,15.612516201141911,9.107509720685146,0.9012516201141912,13.911264581027721,16.713767821256102,9.708761340799338
Ile Verte,38000,2,après 1990,13.788466347959305,16.585582934949134,9.691349760969478,0.9979669048220795,14.786433252781384,17.78354983977121,10.389316665791558
Mutualité,38000,2,après 1990,13.790089753258076,16.587612191572596,9.692567314943556,0.9986570619555521,14.788746815213628,17.786269253528147,10.391224376899109
Préfecture,38000,2,après 1990,13.792209603181238,16.590262003976548,9.694157202385927,0.9990262003976547,14.791235803578893,17.789288204374202,10.393183402783583
Saint Laurent,38000,2,après 1990,13.014847966505515,15.618559958131895,9.111135974879137,0.9006054742348018,13.915453440740318,16.719165432366694,9.711741449113939
Abbaye,38100,2,après 1990,13.013638481035478,15.617048101294348,9.110228860776608,0.900324789778108,13.913963270813587,16.717372891072454,9.710553650554717
Abry,38100,2,après 1990,13.006715012219097,15.608393765273872,9.105036259164322,0.9,13.906715012219099,16.708393765273872,9.705036259164322
Allies-Clos d'Or,38100,2,après 1990,13.002319000555506,15.602898750694383,9.10173925041663,0.9002898750694383,13.902608875624944,16.703188625763822,9.702029125486067
Arlequin,38100,2,après 1990,13.28640823619717,15.958010295246462,9.314806177147878,0.9,14.18640823619717,17.05801029524646,9.914806177147877
Antiquaire - Notre Dame ,38000,3,avant 1946,11.298750759380013,13.598334345840016,7.899167172920009,0.7997917932300022,12.098542552610013,14.498334345840016,8.498958966150012
Berriat-Ampere,38000,3,avant 1946,10.71483187202606,12.81977582936808,7.5098879146840405,0.7024900423618445,11.417321914387905,13.71981195674975,8.012377957045883
Centre-ville - Victor Hugo,38000,3,avant 1946,11.286939354417566,13.582585805890087,7.891292902945043,0.7978232257362609,12.084762580153825,14.482585805890087,8.489116128681305
Championnet-Caserne de Bonne,38000,3,avant 1946,11.294027276099277,13.59203636813237,7.896018184066185,0.7990045460165461,12.093031822115822,14.49203636813237,8.49502273008273
Hoche,38000,3,avant 1946,10.707509720685145,12.810012960913529,7.505006480456764,0.7012516201141912,11.408761340799337,13.710012960913527,8.006258100570955
Ile Verte,38000,3,avant 1946,11.29134976096948,13.588466347959304,7.894233173979653,0.7991496821677467,12.090499443137224,14.489649125304972,8.4933828561474
Mutualité,38000,3,avant 1946,11.292567314943556,13.590089753258074,7.895044876629038,0.7988653763589666,12.091432691302522,14.49029806766149,8.493910252988004
Préfecture,38000,3,avant 1946,11.294157202385929,13.592209603181237,7.896104801590619,0.7990262003976547,12.093183402783582,14.492209603181237,8.495131001988273
Saint Laurent,38000,3,avant 1946,10.711135974879136,12.814847966505518,7.5074239832527585,0.703106517391577,11.414242492270715,13.717349009662291,8.010530500644334
Abbaye,38100,3,avant 1946,10.710228860776608,12.813638481035479,7.506819240517739,0.7030848304807615,11.413313691257372,13.71639852173813,8.0099040709985
Abry,38100,3,avant 1946,10.705036259164322,12.806715012219097,7.503357506109548,0.701678753054774,11.406715012219097,13.70839376527387,8.005036259164322
Allies-Clos d'Or,38100,3,avant 1946,10.70173925041663,12.802319000555507,7.501159500277753,0.7002898750694382,11.402029125486068,13.702319000555505,8.00144937534719
Arlequin,38100,3,avant 1946,10.914806177147877,13.086408236197169,7.643204118098584,0.7716020590492924,11.68640823619717,14.058010295246461,8.214806177147878
Antiquaire - Notre Dame ,38000,3,1946-1970,11.29812613907002,13.597709725530022,7.898750759380013,0.7997917932300022,12.09791793230002,14.497501518760025,8.498542552610015
Berriat-Ampere,38000,3,1946-1970,10.422229744348256,12.527173701690277,7.314831872026061,0.7024900423618445,11.1247197867101,13.329663744052121,7.817285787006236
Centre-ville - Victor Hugo,38000,3,1946-1970,11.280409031626348,13.57605548309887,7.8869393544175646,0.7978232257362609,12.078232257362608,14.47387870883513,8.484762580153825
Championnet-Caserne de Bonne,38000,3,1946-1970,11.291040914148915,13.589050006182006,7.894027276099277,0.7990045460165461,12.090045460165461,14.488054552198554,8.493031822115823
Hoche,38000,3,1946-1970,10.411264581027721,12.513767821256103,7.307509720685147,0.7012516201141912,11.112516201141911,13.315019441370294,7.808761340799338
Ile Verte,38000,3,1946-1970,11.286433252781386,13.58354983977121,7.8913497609694785,0.7991496821677467,12.08558293494913,14.482699521938958,8.48931666579156
Mutualité,38000,3,1946-1970,11.288746815213626,13.586269253528144,7.892567314943556,0.7988653763589666,12.087612191572592,14.485134629887112,8.491224376899108
Préfecture,38000,3,1946-1970,11.291235803578893,13.589288204374201,7.894157202385928,0.7990262003976547,12.090262003976546,14.488314404771856,8.493183402783583
Saint Laurent,38000,3,1946-1970,10.415453440740318,12.519165432366696,7.311135974879137,0.703106517391577,11.118559958131893,13.322271949758274,7.8117414491139385
Abbaye,38100,3,1946-1970,10.413963270813586,12.517372891072455,7.310228860776608,0.7030848304807615,11.117048101294348,13.320457721553218,7.810553650554716
Abry,38100,3,1946-1970,10.406715012219097,12.50839376527387,7.305036259164322,0.701678753054774,11.108393765273869,13.310072518328646,7.805036259164322
Allies-Clos d'Or,38100,3,1946-1970,10.402608875624944,12.503188625763821,7.301739250416629,0.7002898750694382,11.102898750694383,13.30347850083326,7.802029125486068
Arlequin,38100,3,1946-1970,10.68640823619717,12.858010295246462,7.514806177147877,0.7716020590492924,11.458010295246462,13.729612354295755,8.014806177147877
Antiquaire - Notre Dame ,38000,3,1971-1990,11.299583586460004,13.599375379690006,7.899791793230002,0.7999999999999999,12.099583586460003,14.499583586460004,8.499583586460005
Berriat-Ampere,38000,3,1971-1990,11.104763320433676,13.307181108032184,7.802345532835169,0.7999638726183311,11.904727193052008,14.304691065670339,8.304799447815345
Centre-ville - Victor Hugo,38000,3,1971-1990,11.295646451472523,13.593469677208782,7.897823225736261,0.8,12.09564645147252,14.495646451472522,8.495646451472522
Championnet-Caserne de Bonne,38000,3,1971-1990,11.298009092033093,13.597013638049638,7.899004546016547,0.8000000000000002,12.098009092033093,14.498009092033094,8.498009092033092
Hoche,38000,3,1971-1990,11.10250324022838,13.303754860342572,7.80125162011419,0.7999999999999999,11.90250324022838,14.302503240228381,8.302503240228383
Ile Verte,38000,3,1971-1990,11.291202700261492,13.587986827737904,7.894418572785079,0.7988172226543329,12.090019922915824,14.488837145570157,8.492385477607158
Mutualité,38000,3,1971-1990,11.296480866297447,13.594929613849585,7.898032118745309,0.7997916855965856,12.096272551894032,14.496064237490618,8.49668918070086
Préfecture,38000,3,1971-1990,11.29805240079531,13.597078601192964,7.899026200397655,0.8,12.098052400795309,14.49805240079531,8.49805240079531
Saint Laurent,38000,3,1971-1990,11.091206775842503,13.28931120692053,7.793102344764476,0.7974989568432248,11.888705732685729,14.286204689528953,8.293707818999279
Abbaye,38100,3,1971-1990,11.089609416745603,13.287174165821057,7.792044667670147,0.7972399592973465,11.88684937604295,14.284089335340296,8.292369457448256
Abry,38100,3,1971-1990,11.093284987780903,13.291606234726132,7.794963740835679,0.7983212469452261,11.891606234726131,14.289927481671358,8.294963740835678
Allies-Clos d'Or,38100,3,1971-1990,11.100579750138877,13.300869625208316,7.8002898750694385,0.8,11.900579750138878,14.300579750138878,8.300579750138878
Arlequin,38100,3,1971-1990,10.81359176380283,12.941989704753539,7.585193822852123,0.7283979409507076,11.541989704753538,13.870387645704247,8.085193822852123
Antiquaire - Notre Dame ,38000,3,après 1990,11.699999999999998,14.0,8.199999999999998,0.7999999999999999,12.499999999999998,15.0,8.8
Berriat-Ampere,38000,3,après 1990,11.7,13.999999999999998,8.2,0.8,12.499999999999998,14.999999999999998,8.8
Centre-ville - Victor Hugo,38000,3,après 1990,11.7,14.0,8.2,0.8,12.5,14.999999999999998,8.8
Championnet-Caserne de Bonne,38000,3,après 1990,11.700000000000001,14.0,8.200000000000001,0.8000000000000002,12.5,15.000000000000002,8.8
Hoche,38000,3,après 1990,11.699999999999998,13.999999999999998,8.199999999999998,0.7999999999999999,12.499999999999998,14.999999999999998,8.799999999999999
Ile Verte,38000,3,après 1990,11.7,14.0,8.2,0.8,12.5,15.0,8.799999999999999
Mutualité,38000,3,après 1990,11.7,13.999999999999998,8.2,0.8,12.5,15.0,8.8
Préfecture,38000,3,après 1990,11.7,14.0,8.2,0.8,12.5,15.0,8.8
Saint Laurent,38000,3,après 1990,11.700000000000001,14.0,8.2,0.8,12.5,15.0,8.8
Abbaye,38100,3,après 1990,11.7,14.0,8.2,0.8,12.5,15.0,8.8
Abry,38100,3,après 1990,11.7,14.000000000000002,8.2,0.8,12.5,15.000000000000002,8.8
Allies-Clos d'Or,38100,3,après 1990,11.7,14.0,8.2,0.8,12.5,15.0,8.8
Arlequin,38100,3,après 1990,11.7,14.0,8.2,0.8,12.5,15.0,8.8
Antiquaire - Notre Dame ,38000,4,avant 1946,10.099583586460003,12.099583586460003,7.099583586460003,0.7,10.799583586460004,12.999375379690006,7.599583586460003
Berriat-Ampere,38000,4,avant 1946,9.904763320433675,11.904727193052008,6.904835575197014,0.7,10.604763320433674,12.70718110803218,7.404799447815345
Centre-ville - Victor Hugo,38000,4,avant 1946,10.09564645147252,12.09564645147252,7.095646451472521,0.6999999999999998,10.795646451472523,12.993469677208783,7.595646451472521
Championnet-Caserne de Bonne,38000,4,avant 1946,10.098009092033092,12.098009092033093,7.098009092033092,0.7,10.798009092033094,12.997013638049639,7.5980090920330925
Hoche,38000,4,avant 1946,9.902503240228382,11.90250324022838,6.902503240228382,0.6999999999999998,10.602503240228382,12.703754860342572,7.402503240228382
Ile Verte,38000,4,avant 1946,10.09120270026149,12.090019922915824,7.0935682549528245,0.7,10.791202700261492,12.987986827737902,7.5923854776071575
Mutualité,38000,4,avant 1946,10.096480866297448,12.096272551894032,7.096897495104275,0.7,10.796480866297447,12.994929613849584,7.596689180700862
Préfecture,38000,4,avant 1946,10.098052400795309,12.098052400795309,7.098052400795309,0.7,10.79805240079531,12.997078601192964,7.598052400795309
Saint Laurent,38000,4,avant 1946,9.891206775842502,11.888705732685729,6.896208862156054,0.7,10.591206775842503,12.689311206920529,7.393707818999278
Abbaye,38100,4,avant 1946,9.889609416745602,11.88684937604295,6.895129498150909,0.7,10.589609416745601,12.687174165821057,7.392369457448256
Abry,38100,4,avant 1946,9.893284987780905,11.891606234726131,6.896642493890453,0.7000000000000001,10.593284987780905,12.69160623472613,7.39496374083568
Allies-Clos d'Or,38100,4,avant 1946,9.900579750138878,11.900579750138878,6.900579750138877,0.7,10.600579750138877,12.700869625208314,7.400579750138877
Arlequin,38100,4,avant 1946,9.61359176380283,11.541989704753538,6.756795881901415,0.7,10.31359176380283,12.341989704753537,7.185193822852122
Antiquaire - Notre Dame ,38000,4,1946-1970,10.598542552610015,12.698334345840015,7.39895896615001,0.7,11.298542552610016,13.598126139070018,7.898958966150011
Berriat-Ampere,38000,4,1946-1970,9.91714127747956,11.919595192459736,6.912269574900879,0.7,10.61714127747956,12.722049107439911,7.412269574900879
Centre-ville - Victor Hugo,38000,4,1946-1970,10.584762580153825,12.682585805890085,7.389116128681304,0.6999999999999998,11.284762580153828,13.580409031626347,7.889116128681304
Championnet-Caserne de Bonne,38000,4,1946-1970,10.593031822115822,12.692036368132369,7.39502273008273,0.7,11.293031822115823,13.591040914148914,7.895022730082731
Hoche,38000,4,1946-1970,9.908761340799337,11.910012960913528,6.906258100570956,0.6999999999999998,10.608761340799337,12.71126458102772,7.406258100570956
Ile Verte,38000,4,1946-1970,10.58458555640889,12.682552461230967,7.389834524110398,0.7,11.284585556408892,13.58051936605305,7.889834524110398
Mutualité,38000,4,1946-1970,10.590391119285451,12.689048181241002,7.39328530977776,0.7,11.290391119285452,13.587705243196554,7.893285309777761
Préfecture,38000,4,1946-1970,10.593183402783582,12.692209603181237,7.395131001988274,0.7,11.293183402783583,13.591235803578892,7.895131001988274
Saint Laurent,38000,4,1946-1970,9.901737276486838,11.90234275072164,6.90302737117401,0.7,10.601737276486839,12.702948224956442,7.4030273711740096
Abbaye,38100,4,1946-1970,9.899513487744102,11.899838277522212,6.90162394889054,0.7,10.599513487744101,12.700163067300318,7.401623948890541
Abry,38100,4,1946-1970,9.898321246945226,11.898321246945226,6.900000000000001,0.7000000000000001,10.598321246945227,12.698321246945225,7.400000000000001
Allies-Clos d'Or,38100,4,1946-1970,9.902029125486068,11.902319000555506,6.901449375347192,0.7,10.602029125486068,12.702608875624943,7.401449375347192
Arlequin,38100,4,1946-1970,9.828397940950708,11.828397940950708,6.9,0.7,10.528397940950708,12.628397940950707,7.4
Antiquaire - Notre Dame ,38000,4,1971-1990,10.79895896615001,12.998750759380012,7.599167172920008,0.7997917932300022,11.598750759380012,13.898542552610014,8.099167172920009
Berriat-Ampere,38000,4,1971-1990,10.312341829664216,12.414795744644392,7.209887914684041,0.7024539149801756,11.014795744644392,13.217249659624567,7.709851787302372
Centre-ville - Victor Hugo,38000,4,1971-1990,10.789116128681306,12.986939354417565,7.591292902945042,0.7978232257362609,11.586939354417565,13.884762580153826,8.091292902945042
Championnet-Caserne de Bonne,38000,4,1971-1990,10.795022730082731,12.994027276099278,7.5960181840661845,0.7990045460165461,11.594027276099276,13.893031822115825,8.096018184066184
Hoche,38000,4,1971-1990,10.306258100570956,12.407509720685146,7.205006480456764,0.7012516201141912,11.007509720685146,13.208761340799336,7.705006480456764
Ile Verte,38000,4,1971-1990,10.792200078801734,12.990166983623812,7.594233173979653,0.7979669048220795,11.59016698362381,13.888133888445891,8.093050396633984
Mutualité,38000,4,1971-1990,10.79370193858459,12.992359000540143,7.595044876629037,0.7986570619555522,11.592359000540142,13.891016062495694,8.094836562225623
Préfecture,38000,4,1971-1990,10.795131001988274,12.994157202385928,7.596104801590618,0.7990262003976547,11.594157202385928,13.893183402783583,8.096104801590618
Saint Laurent,38000,4,1971-1990,10.308029457487562,12.408634931722363,7.207423983252759,0.7006054742348018,11.008634931722362,13.209240405957162,7.704922940095982
Abbaye,38100,4,1971-1990,10.307144030295847,12.407468820073957,7.206819240517739,0.700324789778108,11.007468820073955,13.207793609852063,7.704059199815085
Abry,38100,4,1971-1990,10.30335750610955,12.403357506109549,7.2033575061095485,0.7000000000000001,11.003357506109548,13.203357506109548,7.701678753054774
Allies-Clos d'Or,38100,4,1971-1990,10.301449375347191,12.40173925041663,7.201159500277753,0.7002898750694382,11.00173925041663,13.202029125486067,7.701159500277753
Arlequin,38100,4,1971-1990,10.443204118098585,12.543204118098584,7.343204118098585,0.7,11.143204118098584,13.343204118098585,7.771602059049292
Antiquaire - Notre Dame ,38000,4,après 1990,11.298958966150012,13.598750759380012,7.899375379690007,0.7999999999999999,12.09895896615001,14.49875075938001,8.499167172920009
Berriat-Ampere,38000,4,après 1990,10.812341829664216,13.01479574464439,7.6073978723221956,0.8,11.612341829664215,13.914831872026062,8.10988791468404
Centre-ville - Victor Hugo,38000,4,après 1990,11.289116128681306,13.586939354417565,7.893469677208782,0.8,12.089116128681303,14.486939354417565,8.491292902945043
Championnet-Caserne de Bonne,38000,4,après 1990,11.295022730082731,13.594027276099277,7.897013638049639,0.8000000000000002,12.09502273008273,14.494027276099278,8.496018184066184
Hoche,38000,4,après 1990,10.806258100570956,13.007509720685146,7.603754860342573,0.7999999999999999,11.606258100570955,13.907509720685146,8.105006480456764
Ile Verte,38000,4,après 1990,11.292200078801732,13.590166983623812,7.895083491811906,0.8,12.092200078801731,14.491349760969479,8.494233173979653
Mutualité,38000,4,après 1990,11.29370193858459,13.59235900054014,7.896179500270072,0.8,12.093701938584589,14.492567314943557,8.495044876629036
Préfecture,38000,4,après 1990,11.295131001988274,13.594157202385928,7.897078601192964,0.8,12.095131001988273,14.494157202385928,8.496104801590619
Saint Laurent,38000,4,après 1990,10.80802945748756,13.008634931722362,7.604317465861181,0.8,11.608029457487559,13.911135974879137,8.107423983252758
Abbaye,38100,4,après 1990,10.807144030295849,13.007468820073955,7.603734410036977,0.8,11.607144030295848,13.91022886077661,8.106819240517739
Abry,38100,4,après 1990,10.803357506109549,13.00335750610955,7.601678753054774,0.8,11.603357506109548,13.905036259164325,8.103357506109548
Allies-Clos d'Or,38100,4,après 1990,10.801449375347191,13.00173925041663,7.600869625208315,0.8,11.60144937534719,13.90173925041663,8.101159500277753
Arlequin,38100,4,après 1990,10.943204118098585,13.143204118098584,7.671602059049293,0.8,11.743204118098586,14.114806177147877,8.243204118098586
