code_postal,rooms,epoque,furnished,ref,refmaj,refmin
75001,1,inf1946,meuble,38.05517233791466,45.697057535608586,26.680850384657887
75002,1,inf1946,meuble,37.74599303842649,45.3028192533695,26.47028822508411
75003,1,inf1946,meuble,37.49781555101585,44.99736601811039,26.298439426594054
75004,1,inf1946,meuble,38.45514103762239,46.175562826370566,26.961247323986793
75005,1,inf1946,meuble,36.529001154918355,43.84111608835201,25.610868516344098
75006,1,inf1946,meuble,38.51535270719374,46.23438643317468,26.99674443242446
75007,1,inf1946,meuble,38.094442698711205,45.693362121506475,26.696064017467066
75008,1,inf1946,meuble,37.213206105427844,44.67752284597931,26.070950822649394
75009,1,inf1946,meuble,36.32170687829637,43.596029584236916,25.472654388592762
75010,1,inf1946,meuble,34.570980740789366,41.464561712785496,24.229070954769675
75011,1,inf1946,meuble,34.037920885201935,40.83445588951764,23.841367316385202
75012,1,inf1946,meuble,30.830808171535377,37.012427148356636,21.578734456122046
75013,1,inf1946,meuble,33.381874164815564,40.065496520273875,23.38512585924049
75014,1,inf1946,meuble,34.734385688990024,41.68915390616474,24.32810285138138
75015,1,inf1946,meuble,33.26958192565531,39.94054311969144,23.313120365673228
75016,1,inf1946,meuble,33.561953486726175,40.26216073903868,23.500709104517554
75017,1,inf1946,meuble,34.22911824242864,41.080341016704686,23.977930418419408
75018,1,inf1946,meuble,32.04747125118531,38.4570648397878,22.424004704489782
75019,1,inf1946,meuble,30.77738130597821,36.920474121563466,21.572247522175203
75020,1,inf1946,meuble,31.002759320404984,37.191311859657944,21.726534753050927
75116,1,inf1946,meuble,33.561953486726175,40.26216073903868,23.500709104517554
75001,1,inf1946,non-meuble,33.345493618365076,40.010136852072264,23.34864390651355
75002,1,inf1946,non-meuble,33.10804542188284,39.74580261868157,23.151409626684753
75003,1,inf1946,non-meuble,32.89809244337831,39.4976753693093,22.998682157990302
75004,1,inf1946,non-meuble,33.708191173761634,40.455129009450566,23.587781413185283
75005,1,inf1946,non-meuble,32.05422257086301,38.46621007029056,22.40489872205714
75006,1,inf1946,non-meuble,33.755967113393844,40.515129669715655,23.637156424890993
75007,1,inf1946,non-meuble,33.3951797466686,40.09418035290451,23.39664223952265
75008,1,inf1946,non-meuble,32.626818400976546,39.15217347186898,22.853998058122187
75009,1,inf1946,non-meuble,31.82215779604398,38.17160107863602,22.298001014622937
75010,1,inf1946,non-meuble,30.32578404126073,36.37098580663324,21.232253461864666
75011,1,inf1946,non-meuble,29.889644246177514,35.83793450631229,20.89310804436369
75012,1,inf1946,non-meuble,27.06031247562982,32.49016855172091,18.959996808046128
75013,1,inf1946,non-meuble,29.301657119322485,35.170415886758605,20.503191717264034
75014,1,inf1946,non-meuble,30.486958993163302,36.56599688490111,21.332468608523865
75015,1,inf1946,non-meuble,29.184068749090525,35.03637643222313,20.42770120972998
75016,1,inf1946,non-meuble,29.46181974953263,35.361993634775885,20.661552004645422
75017,1,inf1946,non-meuble,30.05351483694558,36.029100462333325,21.002357880909234
75018,1,inf1946,non-meuble,28.133572549840963,33.765650004148874,19.687621455311355
75019,1,inf1946,non-meuble,27.01533984836941,32.45837091621952,18.910267812301544
75020,1,inf1946,non-meuble,27.214986775415017,32.68975187113195,19.052449134708105
75116,1,inf1946,non-meuble,29.46181974953263,35.361993634775885,20.661552004645422
75001,1,1946-1970,meuble,36.072590431705194,43.29359987542822,25.218683677582263
75002,1,1946-1970,meuble,36.81564146273575,44.21487978375608,25.79752454331606
75003,1,1946-1970,meuble,36.79471923781729,44.19360118842456,25.79622360457239
75004,1,1946-1970,meuble,36.87303289661604,44.272936671241496,25.799675239360898
75005,1,1946-1970,meuble,34.60359349382206,41.56422613445659,24.26234829593005
75006,1,1946-1970,meuble,37.89502557049986,45.49400600221434,26.516557632134855
75007,1,1946-1970,meuble,39.39115423628624,47.28938829353103,27.593740222234484
75008,1,1946-1970,meuble,35.984966314767405,43.201959158287686,25.159531401936228
75009,1,1946-1970,meuble,34.12266690968382,40.922232440985475,23.848399149610152
75010,1,1946-1970,meuble,31.138390985189957,37.32610478314333,21.7569362974553
75011,1,1946-1970,meuble,29.49049157911021,35.387191038140244,20.641937018448804
75012,1,1946-1970,meuble,29.493773978812317,35.42646421423702,20.65750538449615
75013,1,1946-1970,meuble,29.364535936182907,35.24413795546219,20.56755305093952
75014,1,1946-1970,meuble,29.861603362108575,35.838550517726574,20.891804322449104
75015,1,1946-1970,meuble,30.79892873195379,36.98833220778249,21.57219724870527
75016,1,1946-1970,meuble,32.69043629795561,39.2563321907874,22.88063928590161
75017,1,1946-1970,meuble,30.960680716291225,37.16331793027364,21.682953254586973
75018,1,1946-1970,meuble,29.83057409188077,35.80864820655175,20.87494761548855
75019,1,1946-1970,meuble,29.042855612465488,34.84285757002965,20.361863065877937
75020,1,1946-1970,meuble,29.034206900219868,34.83440793399761,20.34711383260402
75116,1,1946-1970,meuble,32.69043629795561,39.2563321907874,22.88063928590161
75001,1,1946-1970,non-meuble,31.661970571134415,38.00526748036012,22.185536058416734
75002,1,1946-1970,non-meuble,32.31602230222558,38.815355833118375,22.616974400950184
75003,1,1946-1970,non-meuble,32.295348353366926,38.79436878355094,22.59674846830253
75004,1,1946-1970,non-meuble,32.373087023389225,38.87300282618649,22.67320730510741
75005,1,1946-1970,non-meuble,30.354637147781794,36.44668691832637,21.2508341845668
75006,1,1946-1970,non-meuble,33.27557214633897,39.93467755553761,23.296901794240387
75007,1,1946-1970,non-meuble,34.59214383878459,41.490575108333154,24.194554948893305
75008,1,1946-1970,non-meuble,31.57646980537793,37.89345695211611,22.120460501602697
75009,1,1946-1970,non-meuble,29.92294990392065,35.897530130155864,20.973534012204432
75010,1,1946-1970,non-meuble,27.29610083931214,32.735350379441805,19.111513367694776
75011,1,1946-1970,non-meuble,25.842134885049433,30.990568806547774,18.093611021733395
75012,1,1946-1970,non-meuble,25.89773316514732,31.086231820478,18.113265665184862
75013,1,1946-1970,non-meuble,25.730645995210566,30.88397222387038,18.05300724673524
75014,1,1946-1970,non-meuble,26.168942396507543,31.401768455212412,18.33926775255384
75015,1,1946-1970,non-meuble,26.994911281957844,32.38430408145889,18.886852895019462
75016,1,1946-1970,non-meuble,28.646528127252807,34.35146040530745,20.058664586316894
75017,1,1946-1970,non-meuble,27.134240872274095,32.56116383505023,19.00677545553022
75018,1,1946-1970,non-meuble,26.171186588304472,31.389923321644446,18.315585173034904
75019,1,1946-1970,non-meuble,25.461926281786198,30.561927994654837,17.861862331791375
75020,1,1946-1970,non-meuble,25.460800759251164,30.560901276140036,17.84701331571515
75116,1,1946-1970,non-meuble,28.646528127252807,34.35146040530745,20.058664586316894
75001,1,1971-1990,meuble,34.07719249407967,40.86623575275044,23.855001616243374
75002,1,1971-1990,meuble,35.424856071420464,42.48605156602469,24.783110434450368
75003,1,1971-1990,meuble,35.59632588709801,42.695624911774296,24.897479933168807
75004,1,1971-1990,meuble,34.938301619570005,41.89126755850653,24.458861732294096
75005,1,1971-1990,meuble,34.342843505323245,41.19141484649139,24.020059691834007
75006,1,1971-1990,meuble,36.0186342585624,43.19840474223062,25.219027563057022
75007,1,1971-1990,meuble,37.99377846716399,45.59252290539895,26.59571042650075
75008,1,1971-1990,meuble,34.640756433841105,41.54112856030005,24.270712743889067
75009,1,1971-1990,meuble,32.598286821936085,39.122965411642,22.798814489740593
75010,1,1971-1990,meuble,31.33056963017906,37.62694086331821,21.937481241294936
75011,1,1971-1990,meuble,31.186092655164693,37.43436334643834,21.84131949915796
75012,1,1971-1990,meuble,28.002252321498332,33.595244897274064,19.594140259786933
75013,1,1971-1990,meuble,28.788289239208666,34.533809694403494,20.140500585311003
75014,1,1971-1990,meuble,31.560251285480817,37.887496388441676,22.081564325629138
75015,1,1971-1990,meuble,31.516256433165047,37.82835869943784,22.096154463338088
75016,1,1971-1990,meuble,33.44610898242012,40.150942782267734,23.458363182215724
75017,1,1971-1990,meuble,33.16276445790155,39.789920122429905,23.233652872049053
75018,1,1971-1990,meuble,28.004041463699405,33.614984344605304,19.62420588667264
75019,1,1971-1990,meuble,25.18055169702533,30.17671118992299,17.6268685211436
75020,1,1971-1990,meuble,26.203066058590938,31.41456850149352,18.342844820914394
75116,1,1971-1990,meuble,33.44610898242012,40.150942782267734,23.458363182215724
75001,1,1971-1990,non-meuble,29.866332340416818,35.85513530599552,20.921853997077847
75002,1,1971-1990,non-meuble,31.044401138927046,37.22476086154801,21.70256029208449
75003,1,1971-1990,non-meuble,31.196780659974884,37.396185705391474,21.79779622646893
75004,1,1971-1990,non-meuble,30.61182767123061,36.73828959139819,21.432375755782882
75005,1,1971-1990,non-meuble,30.09997866446241,36.08010773117545,21.04577772106312
75006,1,1971-1990,non-meuble,31.558862899561845,37.898616071628226,22.099191351219872
75007,1,1971-1990,non-meuble,33.29462442404102,39.993538421581285,23.296251204292137
75008,1,1971-1990,non-meuble,30.371039761137588,36.47135363817325,21.270577416257765
75009,1,1971-1990,non-meuble,28.598507774380074,34.32320073208638,20.023916782466756
75010,1,1971-1990,non-meuble,27.482420416356728,32.97887091253706,19.237687376571756
75011,1,1971-1990,non-meuble,27.337830607184195,32.78610566031272,19.14129814148468
75012,1,1971-1990,non-meuble,24.576098411385026,29.50978568830361,17.17555558109918
75013,1,1971-1990,non-meuble,25.27101423348895,30.301599491164236,17.695602841832965
75014,1,1971-1990,non-meuble,27.68463895785125,33.21202297707974,19.38172252793678
75015,1,1971-1990,non-meuble,27.64156728703476,33.18693843858449,19.358761295644715
75016,1,1971-1990,non-meuble,29.363189930582756,35.268016678949785,20.536428360180604
75017,1,1971-1990,non-meuble,29.08626255960869,34.91343719810784,20.38299911879964
75018,1,1971-1990,non-meuble,24.561977384095755,29.477238590433487,17.177836694327123
75019,1,1971-1990,non-meuble,22.122843749617914,26.518880236436335,15.488355717309254
75020,1,1971-1990,non-meuble,23.01338700076441,27.597515590372705,16.107334509191194
75116,1,1971-1990,non-meuble,29.363189930582756,35.268016678949785,20.536428360180604
75001,1,sup1990,meuble,34.51760526483313,41.4300372977314,24.17135481186088
75002,1,sup1990,meuble,33.94704034702354,40.70415219158393,23.77104990406379
75003,1,sup1990,meuble,33.69683567766811,40.396259580094465,23.597787879825365
75004,1,sup1990,meuble,34.65505082633375,41.575460586910104,24.2611871831277
75005,1,sup1990,meuble,33.57559987862678,40.27589421165068,23.506649506631597
75006,1,sup1990,meuble,37.27583830293039,44.71503162144183,26.09709106345378
75007,1,sup1990,meuble,40.68778784891055,48.78539806903348,28.49141356339519
75008,1,sup1990,meuble,34.575363303572054,41.48433305026032,24.19665615153769
75009,1,sup1990,meuble,33.34696127095855,40.046326821396946,23.37286092188003
75010,1,sup1990,meuble,30.53072486045772,36.6664996929994,21.40115239384249
75011,1,sup1990,meuble,30.76383999266976,36.946244906356746,21.540215406302103
75012,1,sup1990,meuble,28.802829438945118,34.555248747780865,20.15383160185804
75013,1,sup1990,meuble,30.467923747582127,36.54258131038448,21.315889193662098
75014,1,sup1990,meuble,31.82542138363069,38.200188028125964,22.291383210557996
75015,1,sup1990,meuble,31.414725774106966,37.70431308820003,21.987686837539528
75016,1,sup1990,meuble,32.35129705373315,38.81717503337389,22.641529896997554
75017,1,sup1990,meuble,31.404820901711034,37.71085655201421,21.97062842861418
75018,1,sup1990,meuble,27.89332315369321,33.466627346204405,19.519965428293474
75019,1,sup1990,meuble,27.65847423023778,33.154020405607874,19.324783290488984
75020,1,sup1990,meuble,28.009833469404438,33.585371297835415,19.580404304688763
75116,1,sup1990,meuble,32.35129705373315,38.81717503337389,22.641529896997554
75001,1,sup1990,non-meuble,30.283566583014185,36.31829609708869,21.21524892628422
75002,1,sup1990,non-meuble,29.808997520607434,35.74704034702354,20.852076095791965
75003,1,sup1990,non-meuble,29.59717415023489,35.49662880936789,20.698025504832227
75004,1,sup1990,non-meuble,30.4081069765589,36.45503278407602,21.287721272326188
75005,1,sup1990,non-meuble,29.475394540078003,35.34420330997183,20.60657633775026
75006,1,sup1990,non-meuble,32.69638873570487,39.195737802047454,22.89747228965201
75007,1,sup1990,non-meuble,35.68932451572681,42.78723546805841,24.992567408664645
75008,1,sup1990,non-meuble,30.336070825369223,36.37548930854546,21.257427619540255
75009,1,sup1990,non-meuble,29.272359909027408,35.14682975118324,20.5231277132404
75010,1,sup1990,non-meuble,26.788632401572848,32.17602735810312,18.755928489850483
75011,1,sup1990,non-meuble,26.974401021781684,32.36033381410971,18.847261887115444
75012,1,sup1990,non-meuble,25.298693714072552,30.351110259218363,17.697976697258717
75013,1,sup1990,non-meuble,26.749289692865727,32.09245690768058,18.71209319293027
75014,1,sup1990,non-meuble,27.922207880589596,33.497204666433845,19.53991064868882
75015,1,sup1990,non-meuble,27.57723071223697,33.06677458693441,19.302218868799166
75016,1,sup1990,non-meuble,28.407380751132848,34.07323160526815,19.91954109445166
75017,1,sup1990,non-meuble,27.55124740688991,33.05618240499451,19.268415827152698
75018,1,sup1990,non-meuble,24.49757473354652,29.393362109634484,17.12424343352673
75019,1,sup1990,non-meuble,24.301134322286003,29.17754685712265,16.986515764726562
75020,1,sup1990,non-meuble,24.601773387016415,29.53672887910234,17.199239631998655
75116,1,sup1990,non-meuble,28.407380751132848,34.07323160526815,19.91954109445166
75001,2,inf1946,meuble,33.111358348879754,39.75349385533931,23.159303829778544
75002,2,inf1946,meuble,33.41165302256437,40.13015078147391,23.374371875127945
75003,2,inf1946,meuble,33.29721869392957,39.996627210396774,23.298052908858622
75004,2,inf1946,meuble,33.74068119717679,40.514117037548765,23.593779446003317
75005,2,inf1946,meuble,32.26474130618365,38.74509418199014,22.578434461684
75006,2,inf1946,meuble,33.81636001207492,40.57562219394733,23.657514550858057
75007,2,inf1946,meuble,33.69591514900522,40.395129951234665,23.597125965361236
75008,2,inf1946,meuble,32.923442269813705,39.509799884494576,23.028646745684014
75009,2,inf1946,meuble,31.272735569684748,37.54727003906118,21.898425886619652
75010,2,inf1946,meuble,29.677696018022505,35.622906302032284,20.784070530013537
75011,2,inf1946,meuble,29.48273340917516,35.37928424623769,20.637911184460048
75012,2,inf1946,meuble,27.641833197888282,33.16054283772705,19.36375323227025
75013,2,inf1946,meuble,28.603559191750467,34.31543034564778,20.01935685107118
75014,2,inf1946,meuble,29.80352191061965,35.77454866462223,20.857002459215146
75015,2,inf1946,meuble,28.759418335176324,34.50092194032356,20.147147613067077
75016,2,inf1946,meuble,30.036895522378266,36.019899760961835,21.031917394126772
75017,2,inf1946,meuble,30.30890555649161,36.36063510230234,21.23129701065063
75018,2,inf1946,meuble,27.88950775964045,33.45841298632264,19.52490764570012
75019,2,inf1946,meuble,26.777705566841796,32.097085708924766,18.758202173984056
75020,2,inf1946,meuble,27.12258198545369,32.517912028387315,18.999777572336903
75116,2,inf1946,meuble,30.036895522378266,36.019899760961835,21.031917394126772
75001,2,inf1946,non-meuble,29.024187356577816,34.78907088337708,20.32685705854214
75002,2,inf1946,non-meuble,29.29296484390993,35.11155781269192,20.474657504745323
75003,2,inf1946,non-meuble,29.19753151617909,34.997080214352835,20.398331570141906
75004,2,inf1946,non-meuble,29.567221300461192,35.440669169004984,20.693803502346956
75005,2,inf1946,non-meuble,28.290196041433116,33.93332417627361,19.772655837850575
75006,2,inf1946,non-meuble,29.656874792724405,35.5562951592383,20.757788982427627
75007,2,inf1946,non-meuble,29.596302381188732,35.49560996991956,20.697420411043367
75008,2,inf1946,non-meuble,28.845578926567608,34.59302361488591,20.189692519455747
75009,2,inf1946,non-meuble,27.448035175788807,32.897660749892026,19.223590221138654
75010,2,inf1946,non-meuble,26.029305340935572,31.226106156177817,18.23565532601435
75011,2,inf1946,non-meuble,25.834461422773515,31.03098652309462,18.08964444943023
75012,2,inf1946,non-meuble,24.27487951666856,29.14183110867769,17.004394941295303
75013,2,inf1946,non-meuble,25.07376040620872,30.087348656589416,17.547025664289205
75014,2,inf1946,non-meuble,26.12816862070163,31.347542820435162,18.281510253029477
75015,2,inf1946,non-meuble,25.221941823189056,30.296672641466284,17.676402215802877
75016,2,inf1946,non-meuble,26.314908610166068,31.59787975218051,18.409963578483705
75017,2,inf1946,non-meuble,26.583044933494417,31.934772675505847,18.605418607558125
75018,2,inf1946,non-meuble,24.47563411941875,29.36702389393502,17.129212758441984
75019,2,inf1946,non-meuble,23.47752081302741,28.196839207375245,16.458078923209296
75020,2,inf1946,non-meuble,23.781420688623385,28.563063804909874,16.672303202153742
75116,2,inf1946,non-meuble,26.314908610166068,31.59787975218051,18.409963578483705
75001,2,1946-1970,meuble,31.212595603524598,37.44610362079161,21.878426801022684
75002,2,1946-1970,meuble,28.02282407637792,33.59501649891122,19.5931389697944
75003,2,1946-1970,meuble,27.202081882151848,32.60254032645239,19.00151735031998
75004,2,1946-1970,meuble,30.360116699928696,36.421538432406855,21.278225066015082
75005,2,1946-1970,meuble,27.021025644963643,32.391581172763516,18.881149441897204
75006,2,1946-1970,meuble,32.496710288902165,38.99603150583675,22.77758188389143
75007,2,1946-1970,meuble,33.9955312200996,40.79463978473167,23.79688756635249
75008,2,1946-1970,meuble,31.652637723399774,37.98316976065388,22.191543909638458
75009,2,1946-1970,meuble,30.521562621291313,36.59587501477631,21.347585398197037
75010,2,1946-1970,meuble,29.06196552355689,34.854974103941466,20.32401840199722
75011,2,1946-1970,meuble,27.324594621542552,32.77986466092381,19.117575888270043
75012,2,1946-1970,meuble,25.254776921640115,30.29607813103224,17.69079252226664
75013,2,1946-1970,meuble,25.524323838836107,30.625936026465794,17.885017269938004
75014,2,1946-1970,meuble,27.724160207793297,33.26887549132373,19.406775776813575
75015,2,1946-1970,meuble,27.888303271734426,33.46304049775689,19.509593802360296
75016,2,1946-1970,meuble,30.43834358825491,36.52601236000592,21.306846941900538
75017,2,1946-1970,meuble,28.59845759399977,34.32310216219332,19.998782697671537
75018,2,1946-1970,meuble,25.414805065147394,30.493261513847536,17.826769604792055
75019,2,1946-1970,meuble,23.3890974242175,28.046929111790718,16.392813701763004
75020,2,1946-1970,meuble,24.169667808068375,28.986318651633702,16.93129409631586
75116,2,1946-1970,meuble,30.43834358825491,36.52601236000592,21.306846941900538
75001,2,1946-1970,non-meuble,27.357000351152756,32.81304614268809,19.145799830735527
75002,2,1946-1970,non-meuble,24.608029128022384,29.54198830439466,17.197603459328068
75003,2,1946-1970,non-meuble,23.901797914106123,28.7021161099091,16.701269312161298
75004,2,1946-1970,non-meuble,26.61917088297189,31.93360666707385,18.61076921620343
75005,2,1946-1970,non-meuble,23.719783392803947,28.489924494436913,16.58016683229978
75006,2,1946-1970,non-meuble,28.477158324697417,34.1765924764174,19.938023625940946
75007,2,1946-1970,non-meuble,29.79614335382562,35.79526796839541,20.897248051435042
75008,2,1946-1970,non-meuble,27.752605403884864,33.28315991221998,19.42208633158495
75009,2,1946-1970,non-meuble,26.77203188225736,32.12146175445045,18.77292464733067
75010,2,1946-1970,non-meuble,25.517111980654633,30.610259678980423,17.8758633645149
75011,2,1946-1970,non-meuble,23.972845300125453,28.776359165393895,16.76581848788231
75012,2,1946-1970,non-meuble,22.18033568382912,26.614089402401056,15.523903628176356
75013,2,1946-1970,non-meuble,22.39804166016496,26.90125325932098,15.693106576473875
75014,2,1946-1970,non-meuble,24.319701237403503,29.188415360112995,17.042441200448042
75015,2,1946-1970,non-meuble,24.465646888702455,29.355053971864105,17.105610515638467
75016,2,1946-1970,non-meuble,26.73353880583001,32.06025074378434,18.723949585505185
75017,2,1946-1970,non-meuble,25.07319610186369,30.073063516101044,17.52376308264957
75018,2,1946-1970,non-meuble,22.327723131887595,26.81049858814822,15.63539440722306
75019,2,1946-1970,non-meuble,20.550583886296597,24.689220674992264,14.373495552110688
75020,2,1946-1970,non-meuble,21.234258013234047,25.496941144473787,14.849952530695987
75116,2,1946-1970,non-meuble,26.73353880583001,32.06025074378434,18.723949585505185
75001,2,1971-1990,meuble,31.46342271750803,37.760652858808164,22.056303610586912
75002,2,1971-1990,meuble,28.211324430754182,33.82127405008621,19.72509873884503
75003,2,1971-1990,meuble,27.20231802061366,32.602851728947876,19.00171068358456
75004,2,1971-1990,meuble,31.09500434320837,37.30340600997684,21.792648821945225
75005,2,1971-1990,meuble,27.272355133577886,32.70574320579642,19.069632237011724
75006,2,1971-1990,meuble,32.4552368817296,38.95425548714698,22.75654693406599
75007,2,1971-1990,meuble,32.398500412954725,38.89811411452327,22.69893486119933
75008,2,1971-1990,meuble,32.255068171770056,38.69389481342468,22.61630342183504
75009,2,1971-1990,meuble,29.047544061723684,34.87201120635656,20.323253584523908
75010,2,1971-1990,meuble,27.84495529116476,33.444241227341514,19.497561767918434
75011,2,1971-1990,meuble,27.60722835162601,33.159010297170816,19.35540450548474
75012,2,1971-1990,meuble,26.114532521416642,31.3324561131184,18.297277198604668
75013,2,1971-1990,meuble,24.60134248141383,29.55012256475217,17.229043671666833
75014,2,1971-1990,meuble,27.122837426705807,32.57217955038905,18.98486510218818
75015,2,1971-1990,meuble,28.691387947506104,34.40301981410408,20.057309458817034
75016,2,1971-1990,meuble,30.333641371101322,36.36037908522765,21.22403315558497
75017,2,1971-1990,meuble,29.406236240629624,35.282197084890974,20.57910297715531
75018,2,1971-1990,meuble,26.390860929681505,31.66157113816698,18.495796492366086
75019,2,1971-1990,meuble,22.29955963982882,26.79565714029582,15.645877198033649
75020,2,1971-1990,meuble,23.31486730519751,28.012481787675206,16.35504813507645
75116,2,1971-1990,meuble,30.333641371101322,36.36037908522765,21.22403315558497
75001,2,1971-1990,non-meuble,27.5985992847501,33.11836720031854,19.36894240356067
75002,2,1971-1990,non-meuble,24.777746093871745,29.749462467042747,17.329753648123617
75003,2,1971-1990,non-meuble,23.901996420551097,28.70238817825795,16.701460943296077
75004,2,1971-1990,non-meuble,27.280568559106417,32.74198427749867,19.125192972133565
75005,2,1971-1990,non-meuble,23.939732177245755,28.741374017430903,16.737388957621615
75006,2,1971-1990,non-meuble,28.455880888002355,34.155072552852715,19.957078005553342
75007,2,1971-1990,non-meuble,28.398707388669685,34.09845226314158,19.899125786976573
75008,2,1971-1990,non-meuble,28.285689602042133,33.95503256047619,19.84690238102611
75009,2,1971-1990,non-meuble,25.49785481973211,30.59745572800714,17.89844686382423
75010,2,1971-1990,non-meuble,24.445366698047803,29.34473768542463,17.146268052540037
75011,2,1971-1990,non-meuble,24.207210961496067,29.059009047768868,16.955395804638005
75012,2,1971-1990,non-meuble,22.907617434865962,27.517957671127256,16.042089148163882
75013,2,1971-1990,non-meuble,21.561171461002246,25.85248394558081,15.113549030348375
75014,2,1971-1990,non-meuble,23.786176835584296,28.535518468892036,16.66832578552748
75015,2,1971-1990,non-meuble,25.16888897694042,30.18049912384058,17.620098958965222
75016,2,1971-1990,non-meuble,26.589794232389885,31.91651187249135,18.641142850670203
75017,2,1971-1990,non-meuble,25.805283714325885,30.981262935620297,18.078612194902735
75018,2,1971-1990,non-meuble,23.148340478449324,27.800871933971234,16.208294414904422
75019,2,1971-1990,non-meuble,19.54191344015655,23.437949437583924,13.707426141934446
75020,2,1971-1990,non-meuble,20.438975690907,24.52290324673755,14.333224750000396
75116,2,1971-1990,non-meuble,26.589794232389885,31.91651187249135,18.641142850670203
75001,2,sup1990,meuble,30.996271833560414,37.1755262002725,21.716126404194913
75002,2,sup1990,meuble,28.270271931223665,33.90432631746839,19.7787248609287
75003,2,sup1990,meuble,27.600019740504717,33.100064381413794,19.300072476104948
75004,2,sup1990,meuble,30.17204059653386,36.186452324292176,21.13717700959782
75005,2,sup1990,meuble,27.48158044240245,32.95165101924458,19.21094847047323
75006,2,sup1990,meuble,32.696384102814555,39.21564889844795,22.917385702497672
75007,2,sup1990,meuble,35.09409127800909,42.09297574491678,24.595804734539254
75008,2,sup1990,meuble,31.466369235587738,37.75791159252893,22.044236934276228
75009,2,sup1990,meuble,30.72312594882355,36.84777844551874,21.498677102743763
75010,2,sup1990,meuble,28.123282665060366,33.75884598015811,19.69720498232181
75011,2,sup1990,meuble,26.475891835426626,31.772477879437837,18.53453428803591
75012,2,sup1990,meuble,27.575617872575727,33.09293819930349,19.32925278544741
75013,2,sup1990,meuble,27.32642628980193,32.76843837655961,19.120808368709973
75014,2,sup1990,meuble,28.46672087997825,34.14975554298017,19.932270158660028
75015,2,sup1990,meuble,29.633086448231865,35.55520984953097,20.714670379276548
75016,2,sup1990,meuble,31.75342575357375,38.13629001023281,22.20959734272087
75017,2,sup1990,meuble,27.36334729933723,32.815503964222366,19.133816080935834
75018,2,sup1990,meuble,27.073074460666632,32.50231820799479,18.965780977661478
75019,2,sup1990,meuble,25.077547101818173,30.073093277188264,17.543855672678333
75020,2,sup1990,meuble,25.433009754214122,30.507743447534132,17.804585758387155
75116,2,sup1990,meuble,31.75342575357375,38.13629001023281,22.20959734272087
75001,2,sup1990,non-meuble,27.19516050916203,32.6741845984556,19.037983361881214
75002,2,sup1990,non-meuble,24.793615019156693,29.727669405401425,17.321327386750937
75003,2,sup1990,non-meuble,24.200014500533293,29.000060843572157,16.900034777297087
75004,2,sup1990,non-meuble,26.478092756125083,31.792504483883395,18.516713122248287
75005,2,sup1990,non-meuble,24.112098610245933,28.913487831325796,16.841691531654092
75006,2,sup1990,non-meuble,28.696754851870725,34.47603310624924,20.097750157808115
75007,2,sup1990,non-meuble,30.794766843908118,36.993701300278516,21.596260751670254
75008,2,sup1990,non-meuble,27.605315351820515,33.16634502606831,19.31375779197041
75009,2,sup1990,non-meuble,26.923342786429615,32.34797899819074,18.873807768442518
75010,2,sup1990,non-meuble,24.632907362433542,29.568525413660208,17.252071705979816
75011,2,sup1990,non-meuble,23.22758407210403,27.87239780127443,16.234483692506483
75012,2,sup1990,non-meuble,24.19487985147497,29.060471052882253,16.940941354499913
75013,2,sup1990,non-meuble,23.981000551499562,28.782125724003052,16.783335106000475
75014,2,sup1990,non-meuble,24.96328124575199,29.970214559994577,17.47671368066596
75015,2,sup1990,non-meuble,25.988643875832395,31.16268967331196,18.218327130394417
75016,2,sup1990,non-meuble,27.831518329127775,33.414395878831236,19.48768367671109
75017,2,sup1990,non-meuble,23.987013465873062,28.76457550572128,16.78342768865153
75018,2,sup1990,non-meuble,23.740020246037748,28.491761753889968,16.59208920548625
75019,2,sup1990,non-meuble,22.020206949170877,26.41569162150135,15.40558814691591
75020,2,sup1990,non-meuble,22.32545225627046,26.786599539832196,15.62382315325253
75116,2,sup1990,non-meuble,27.831518329127775,33.414395878831236,19.48768367671109
75001,3,inf1946,meuble,31.10539813933719,37.35742261141773,21.76598241320974
75002,3,inf1946,meuble,30.35489534916146,36.449669180648115,21.222269111003616
75003,3,inf1946,meuble,29.89912876938498,35.898961368813424,20.89943288061247
75004,3,inf1946,meuble,31.66360885933585,38.03102862463205,22.14922720200708
75005,3,inf1946,meuble,29.463800987912766,35.370321463523716,20.61978464365752
75006,3,inf1946,meuble,32.13496809432071,38.593901618439354,22.476473330648528
75007,3,inf1946,meuble,31.896258650397986,38.295489502565154,22.29742576381785
75008,3,inf1946,meuble,31.292842181920474,37.579184559222476,21.898026292086026
75009,3,inf1946,meuble,28.322538040253225,33.997027361971874,19.823273831779073
75010,3,inf1946,meuble,27.205335467315205,32.65669978574194,19.054043954382962
75011,3,inf1946,meuble,27.930758588723776,33.527263215238804,19.585991252275853
75012,3,inf1946,meuble,25.237822172481707,30.267602101118385,17.648702929785514
75013,3,inf1946,meuble,26.07784354235213,31.27246279792486,18.263074531891842
75014,3,inf1946,meuble,27.518993654633903,33.01488296326075,19.26733546114376
75015,3,inf1946,meuble,27.831976217122808,33.38798299082145,19.471984022411146
75016,3,inf1946,meuble,28.610204197865464,34.332251602652356,20.027139466707197
75017,3,inf1946,meuble,28.784424962894967,34.53613309503959,20.156637534691573
75018,3,inf1946,meuble,25.82701543314714,30.991552212152204,18.08929337584066
75019,3,inf1946,meuble,24.121100514323707,28.92153079090553,16.90141383582471
75020,3,inf1946,meuble,24.579468641053495,29.475478161361245,17.215603447995274
75116,3,inf1946,meuble,28.610204197865464,34.332251602652356,20.027139466707197
75001,3,inf1946,non-meuble,27.26328266422475,32.73782487922649,19.07882143658135
75002,3,inf1946,non-meuble,26.59806913421845,31.892938175577566,18.58441670433243
75003,3,inf1946,non-meuble,26.199229550153873,31.39913224043559,18.299499500415134
75004,3,inf1946,non-meuble,27.743157000158135,33.31058277954024,19.4022592958886
75005,3,inf1946,non-meuble,25.82617192325999,30.964087941184843,18.050935381550605
75006,3,inf1946,non-meuble,28.1756472038471,33.83469224670479,19.716958756997418
75007,3,inf1946,non-meuble,27.996645882581507,33.59600790765203,19.597665773160298
75008,3,inf1946,non-meuble,27.414986457363803,32.93184515144523,19.189641110537053
75009,3,inf1946,non-meuble,24.847838300223618,29.797402441735,17.398498945023583
75010,3,inf1946,non-meuble,23.853867411862275,28.605256257201265,16.70255142494502
75011,3,inf1946,non-meuble,24.482503649780348,29.379007677546312,17.137753680335333
75012,3,inf1946,non-meuble,22.119134513040976,26.541331086237193,15.481773318174426
75013,3,inf1946,non-meuble,22.872207767564312,27.440479623020227,16.01490635586379
75014,3,inf1946,non-meuble,24.14694448913994,28.974722334156144,16.895326500150098
75015,3,inf1946,non-meuble,24.42800183947995,29.317319170602467,17.08665211230165
75016,3,inf1946,non-meuble,25.088217285653265,30.110244616415308,17.566129462316535
75017,3,inf1946,non-meuble,25.258565559745428,30.31029206892312,17.681009295543447
75018,3,inf1946,non-meuble,22.635663932443485,27.182021958484984,15.875444796741608
75019,3,inf1946,non-meuble,21.120854746860743,25.32122352040295,14.80122957140137
75020,3,inf1946,non-meuble,21.524620417576045,25.806943011236655,15.074442151164973
75116,3,inf1946,non-meuble,25.088217285653265,30.110244616415308,17.566129462316535
75001,3,1946-1970,meuble,25.508046733366207,30.620508813285145,17.839238474778536
75002,3,1946-1970,meuble,25.979121994278994,31.178741154789154,18.17969325351375
75003,3,1946-1970,meuble,25.99795696731503,31.197541528584793,18.198579274345494
75004,3,1946-1970,meuble,25.926335624363478,31.126299539848024,18.126389751136667
75005,3,1946-1970,meuble,25.56038426272647,30.666209178803687,17.885974404863028
75006,3,1946-1970,meuble,28.219948434967304,33.859895435642834,19.740004601002802
75007,3,1946-1970,meuble,31.69566205845491,37.99487407051135,22.1969310434614
75008,3,1946-1970,meuble,27.45790470367554,32.96333692087255,19.199702881520146
75009,3,1946-1970,meuble,24.549894055956134,29.4498666057872,17.19995715117208
75010,3,1946-1970,meuble,23.583290749686434,28.279955230393064,16.538294055090105
75011,3,1946-1970,meuble,23.823701720303823,28.56844802248762,16.682474636254657
75012,3,1946-1970,meuble,22.738033450808565,27.293771490432675,15.926505293714571
75013,3,1946-1970,meuble,22.419940993531156,26.896395701878454,15.696968588757416
75014,3,1946-1970,meuble,23.913986763439585,28.689567511095877,16.73871591866736
75015,3,1946-1970,meuble,24.916070247801354,29.928100952107133,17.429387061973138
75016,3,1946-1970,meuble,28.773918245013967,34.54431889031469,20.1378351991742
75017,3,1946-1970,meuble,26.24477145381239,31.47373559097884,18.363517062503607
75018,3,1946-1970,meuble,22.069278173834736,26.47499864232989,15.490359214348194
75019,3,1946-1970,meuble,20.63586053649651,24.75066140091514,14.46365923986857
75020,3,1946-1970,meuble,21.259558078512082,25.502147444582565,14.89562377096192
75116,3,1946-1970,meuble,28.773918245013967,34.54431889031469,20.1378351991742
75001,3,1946-1970,non-meuble,22.351470277278956,26.786460115792647,15.66060483060713
75002,3,1946-1970,non-meuble,22.779312414023913,27.359862556389793,15.979788463386207
75003,3,1946-1970,non-meuble,22.798233926468523,27.397850946574717,15.998717753922241
75004,3,1946-1970,non-meuble,22.726359680707116,27.252839643132422,15.926401779308483
75005,3,1946-1970,non-meuble,22.42315271440288,26.928837034845245,15.717338888258128
75006,3,1946-1970,non-meuble,24.739965060423447,29.67999422553742,17.340003039524778
75007,3,1946-1970,non-meuble,27.796209094918265,33.39531758706981,19.497238034342036
75008,3,1946-1970,non-meuble,24.074622416023757,28.849604009295387,16.847027129068668
75009,3,1946-1970,non-meuble,21.499913416069088,25.77491384782437,15.074934261360438
75010,3,1946-1970,non-meuble,20.686524540116956,24.834754355756022,14.489938653063723
75011,3,1946-1970,non-meuble,20.927195800446082,25.123684934836703,14.634221830316369
75012,3,1946-1970,non-meuble,19.938068640949503,23.901380090420346,13.974773404704155
75013,3,1946-1970,non-meuble,19.66372819099083,23.582740834615993,13.755711525158702
75014,3,1946-1970,non-meuble,20.994214612249127,25.193885913700562,14.694754009857409
75015,3,1946-1970,non-meuble,21.874719414623826,26.22007348697232,15.292008839189798
75016,3,1946-1970,non-meuble,25.24729230372263,30.256756459751657,17.633116954412532
75017,3,1946-1970,non-meuble,23.042201984538178,27.645221900372416,16.13707374654316
75018,3,1946-1970,non-meuble,19.336742983640992,23.183126070805137,13.535340158449024
75019,3,1946-1970,non-meuble,18.078459859591675,21.674188586516472,12.644464096295499
75020,3,1946-1970,non-meuble,18.638213137032405,22.35400761029385,13.041455024858594
75116,3,1946-1970,non-meuble,25.24729230372263,30.256756459751657,17.633116954412532
75001,3,1971-1990,meuble,26.81969439002424,32.177242034153345,18.806010813297814
75002,3,1971-1990,meuble,28.87714925528972,34.681137695461096,20.211679690896748
75003,3,1971-1990,meuble,29.294779898158986,35.19369928041003,20.496346112282474
75004,3,1971-1990,meuble,27.68283582130852,33.21530780246595,19.39737985895684
75005,3,1971-1990,meuble,28.322315494366315,34.001606256437064,19.80629766984379
75006,3,1971-1990,meuble,29.219716383485345,35.059739650135974,20.47980165804937
75007,3,1971-1990,meuble,32.39433418579,38.893184779011825,22.696036879317806
75008,3,1971-1990,meuble,28.10853382370028,33.722473460755154,19.702919265803647
75009,3,1971-1990,meuble,26.126038590956657,31.376270555251555,18.325684377952147
75010,3,1971-1990,meuble,24.304238028632675,29.19478283462528,17.016866330001033
75011,3,1971-1990,meuble,24.492589981718726,29.382171426250483,17.109994776602907
75012,3,1971-1990,meuble,24.128269010212563,28.94498028290144,16.87909524910898
75013,3,1971-1990,meuble,23.090387024418334,27.72892465970171,16.162475217583467
75014,3,1971-1990,meuble,24.752838083072746,29.71311031020647,17.324556430968176
75015,3,1971-1990,meuble,26.43560926376555,31.743497866316805,18.50904793194666
75016,3,1971-1990,meuble,28.681804939701458,34.4303521394834,20.089456180904804
75017,3,1971-1990,meuble,26.201972674493703,31.457146610310584,18.34399337959468
75018,3,1971-1990,meuble,24.095186917474397,28.93872581348343,16.84113896109122
75019,3,1971-1990,meuble,20.759331602359666,24.935928156924128,14.525334370890366
75020,3,1971-1990,meuble,21.299842172242514,25.575657410492127,14.902480958735477
75116,3,1971-1990,meuble,28.681804939701458,34.4303521394834,20.089456180904804
75001,3,1971-1990,non-meuble,23.54057014399513,28.275119459018892,16.504839394858102
75002,3,1971-1990,non-meuble,25.3347371492124,30.376958835544798,17.750008146930227
75003,3,1971-1990,non-meuble,25.6954416061271,30.794573029858764,17.996833410786795
75004,3,1971-1990,non-meuble,24.303353835431242,29.18281777905079,17.044395877762593
75005,3,1971-1990,non-meuble,24.84847056369955,29.790847789637585,17.400844438813436
75006,3,1971-1990,non-meuble,25.639709553104236,30.79958667781214,17.9797472864335
75007,3,1971-1990,non-meuble,28.39511146818462,34.094082537146555,19.896578563006678
75008,3,1971-1990,non-meuble,24.686244748968782,29.639097137127536,17.311206644712264
75009,3,1971-1990,non-meuble,22.900899730379816,27.476025486023605,16.025620419225636
75010,3,1971-1990,non-meuble,21.310543197561312,25.55267848185914,14.923177340015819
75011,3,1971-1990,non-meuble,21.499542713403773,25.789095610808577,15.065208085215707
75012,3,1971-1990,non-meuble,21.15163182940867,25.372446466291677,14.798371591815805
75013,3,1971-1990,non-meuble,20.250502441996108,24.321877372405826,14.196638918426592
75014,3,1971-1990,non-meuble,21.712776012722735,26.052826776616516,15.20857360795707
75015,3,1971-1990,non-meuble,23.198294066964557,27.854240687928744,16.27174341147332
75016,3,1971-1990,non-meuble,25.177052517953754,30.203712365731008,17.645654351389975
75017,3,1971-1990,non-meuble,22.998686584403508,27.60358190202625,16.11642033384921
75018,3,1971-1990,non-meuble,21.125328627336575,25.332027902538655,14.80810844332768
75019,3,1971-1990,non-meuble,18.20193043606379,21.878465242893114,12.767994707634113
75020,3,1971-1990,non-meuble,18.67829619698509,22.440424508587565,13.094722427014071
75116,3,1971-1990,non-meuble,25.177052517953754,30.203712365731008,17.645654351389975
75001,3,sup1990,meuble,29.227070169242136,35.061539358877454,20.436745402795786
75002,3,sup1990,meuble,27.49665136060348,32.992186871069805,19.243813585831838
75003,3,sup1990,meuble,26.99987260148528,32.39984027623089,18.899937318785085
75004,3,sup1990,meuble,28.91064893448524,34.67808072795326,20.222759267753595
75005,3,sup1990,meuble,26.34690980145122,31.622531483713065,18.433413561055396
75006,3,sup1990,meuble,31.356651842982167,37.616042306324104,21.937690687787274
75007,3,sup1990,meuble,33.992312876154486,40.79080740331616,23.794650965238915
75008,3,sup1990,meuble,29.66227776952848,35.59305213534393,20.761906680473253
75009,3,sup1990,meuble,28.323665766554175,33.99840292721377,19.799106536395012
75010,3,sup1990,meuble,26.6604022676806,32.00218520732702,18.673510525677205
75011,3,sup1990,meuble,25.21113603524324,30.263005487269197,17.659203273307728
75012,3,sup1990,meuble,25.43431429495174,30.52200259274411,17.80656855318656
75013,3,sup1990,meuble,24.366259403296578,29.274218266941126,17.056720274111658
75014,3,sup1990,meuble,25.938123907684417,31.147224542502098,18.168257225763526
75015,3,sup1990,meuble,28.25920409987356,33.89262428895009,19.763022239013313
75016,3,sup1990,meuble,29.175574047840584,35.019443690327236,20.431656666406948
75017,3,sup1990,meuble,26.503606657699997,31.829503072920765,18.577149411478437
75018,3,sup1990,meuble,25.729576830303444,30.87262883653209,18.035330130294984
75019,3,sup1990,meuble,22.607124254733304,27.16471017484356,15.811209305821006
75020,3,sup1990,meuble,23.16448856609806,27.82659273685256,16.2079348635618
75116,3,sup1990,meuble,29.175574047840584,35.019443690327236,20.431656666406948
75001,3,sup1990,non-meuble,25.670754037594072,30.804992949810867,17.980879810311208
75002,3,sup1990,non-meuble,24.13934909629817,28.934884606764502,16.905675549543275
75003,3,sup1990,non-meuble,23.699904993530694,28.39994275912957,16.599937251994064
75004,3,sup1990,non-meuble,25.39019106122161,30.45762886877554,17.775785347549206
75005,3,sup1990,non-meuble,23.109008920059765,27.71598399578424,16.195708585778803
75006,3,sup1990,non-meuble,27.517047943971892,33.03645186605895,19.277968976292225
75007,3,sup1990,non-meuble,29.793265968140695,35.791826534702786,20.895253335553743
75008,3,sup1990,non-meuble,26.031597606737297,31.23185928985935,18.23129427323218
75009,3,sup1990,non-meuble,24.873811127186485,29.848575842837125,17.4491785851775
75010,3,sup1990,non-meuble,23.415348201452538,28.10869719834641,16.42524006899641
75011,3,sup1990,non-meuble,22.11107303331485,26.5629294629795,15.50739713119134
75012,3,sup1990,non-meuble,22.342522872757918,26.830199135745968,15.658937699367009
75013,3,sup1990,non-meuble,21.376091340353465,25.64323489924116,14.960036782121373
75014,3,sup1990,non-meuble,22.745568036799945,27.302697589096727,15.940004200066571
75015,3,sup1990,non-meuble,24.777749379330572,29.711138939630334,17.362937494513282
75016,3,sup1990,non-meuble,25.553638956888925,30.636565058623297,17.909735407916344
75017,3,sup1990,non-meuble,23.252786792399682,27.928422966459365,16.30204440730823
75018,3,sup1990,non-meuble,22.60087921491903,27.14391869058634,15.84348534840749
75019,3,sup1990,non-meuble,19.86873372289164,23.826319398306378,13.891952659208314
75020,3,sup1990,non-meuble,20.356352107669153,24.418456278423648,14.240280224589071
75116,3,sup1990,non-meuble,25.553638956888925,30.636565058623297,17.909735407916344
75001,4,inf1946,meuble,28.77928259987911,34.5106816267544,20.159781455354246
75002,4,inf1946,meuble,30.09438261752491,36.0932400990554,21.096001185356716
75003,4,inf1946,meuble,30.09671253841549,36.09608342286585,21.097692108231474
75004,4,inf1946,meuble,30.09971733796226,36.09966321118908,21.099801535164996
75005,4,inf1946,meuble,28.749836383419616,34.498613478194635,20.15799751532787
75006,4,inf1946,meuble,31.455367782964775,37.7344163440609,22.05667669320899
75007,4,inf1946,meuble,33.492131898478334,40.190507761694896,23.4944279859565
75008,4,inf1946,meuble,29.674112967649926,35.5828514124032,20.795768652257635
75009,4,inf1946,meuble,25.674650288570078,30.774600454265634,17.94974604255126
75010,4,inf1946,meuble,24.81948034857921,29.774322105072308,17.364596700697145
75011,4,inf1946,meuble,25.59357597822515,30.741931440361267,17.9451439046138
75012,4,inf1946,meuble,24.414902849453245,29.317879576002273,17.06423533485576
75013,4,inf1946,meuble,23.62773750054966,28.358335994435194,16.54444420643051
75014,4,inf1946,meuble,24.368218892191106,29.241838146681857,17.05779865077714
75015,4,inf1946,meuble,27.115383544338215,32.53396358153496,18.99293242624162
75016,4,inf1946,meuble,28.19295827354422,33.81498125307615,19.748980397952316
75017,4,inf1946,meuble,26.908437847782405,32.28507371836127,18.830860138040332
75018,4,inf1946,meuble,25.246531637075844,30.315830582579952,17.662902679721515
75019,4,inf1946,meuble,23.30586766045461,27.98704104572823,16.324571269101764
75020,4,inf1946,meuble,23.54066872089752,28.2688225684548,16.485141020045955
75116,4,inf1946,meuble,28.19295827354422,33.81498125307615,19.748980397952316
75001,4,inf1946,non-meuble,25.235985690653404,30.289672183031364,17.671679337704663
75002,4,inf1946,non-meuble,26.395049086632117,31.69400177803507,18.49647723471901
75003,4,inf1946,non-meuble,26.397131381405313,31.69657065457915,18.49797076951476
75004,4,inf1946,non-meuble,26.399753422477716,31.699705309790442,18.499825591508632
75005,4,inf1946,non-meuble,25.206854172144084,30.255681841737776,17.652237381053286
75006,4,inf1946,non-meuble,27.595901625880757,33.13501503981348,19.337094289196887
75007,4,inf1946,non-meuble,29.39308853144401,35.291633953965885,20.595095489774256
75008,4,inf1946,non-meuble,26.03495964284361,31.243643647518304,18.22618353231067
75009,4,inf1946,non-meuble,22.499698043122887,26.974619063826896,15.724791962228004
75010,4,inf1946,non-meuble,21.767812545042744,26.122623986464685,15.212989474375753
75011,4,inf1946,non-meuble,22.4452589672106,26.94536191417632,15.69686505395292
75012,4,inf1946,non-meuble,21.41543018375918,25.674227365018503,15.008949396355192
75013,4,inf1946,non-meuble,20.69932339602701,24.844461404049923,14.516030101907864
75014,4,inf1946,non-meuble,21.359309249233625,25.640738776888853,14.948968925604012
75015,4,inf1946,non-meuble,23.763463721146948,28.515395987914527,16.626313884383073
75016,4,inf1946,non-meuble,24.731933085775474,29.65394901382681,17.287982606189136
75017,4,inf1946,non-meuble,23.58206158246862,28.28301347287636,16.504934916651095
75018,4,inf1946,non-meuble,22.13221347365829,26.542187568392706,15.507908684944988
75019,4,inf1946,non-meuble,20.42481679186921,24.50599017714282,14.343520400516354
75020,4,inf1946,non-meuble,20.63988872663453,24.76794205730294,14.484361025782965
75116,4,inf1946,non-meuble,24.731933085775474,29.65394901382681,17.287982606189136
75001,4,1946-1970,meuble,26.867099728991647,32.20070790299422,18.778306779086506
75002,4,1946-1970,meuble,27.44107916786289,32.92162931022877,19.241555217225187
75003,4,1946-1970,meuble,27.498818719852512,32.99856741101629,19.299105891784766
75004,4,1946-1970,meuble,27.279439887275913,32.705931877873034,19.07946394361955
75005,4,1946-1970,meuble,26.621416786984053,31.933096218504353,18.67227619715564
75006,4,1946-1970,meuble,28.03879826743084,33.63860756177774,19.59925623965411
75007,4,1946-1970,meuble,29.29805477172173,35.19757290500156,20.49867403377695
75008,4,1946-1970,meuble,27.779586694927993,33.301674916222545,19.427090896222445
75009,4,1946-1970,meuble,26.073160768963145,31.247816736497494,18.24876657791209
75010,4,1946-1970,meuble,25.850936224346313,31.001751039160894,18.10052729289209
75011,4,1946-1970,meuble,25.372607477802184,30.427833676719857,17.765654023083158
75012,4,1946-1970,meuble,21.470145689523484,25.74568233647347,15.056826257843923
75013,4,1946-1970,meuble,21.058519807251386,25.238758892748645,14.75946318437428
75014,4,1946-1970,meuble,24.263584885044498,29.08604150216957,16.992163824698327
75015,4,1946-1970,meuble,25.64514013145436,30.800813232590404,17.970879412593263
75016,4,1946-1970,meuble,27.616120137390944,33.142771853270695,19.345654920369117
75017,4,1946-1970,meuble,26.070936137135597,31.295019860915488,18.272293335950124
75018,4,1946-1970,meuble,21.315800083996116,25.562590566312064,14.94560775417721
75019,4,1946-1970,meuble,18.677014789992775,22.39242995072104,13.103891926552608
75020,4,1946-1970,meuble,19.980791763174075,23.95964729438277,14.012458207916596
75116,4,1946-1970,meuble,27.616120137390944,33.142771853270695,19.345654920369117
75001,4,1946-1970,non-meuble,23.588916623983728,28.3220542274757,16.500353951497107
75002,4,1946-1970,non-meuble,24.06033860575209,28.86005297613471,16.860814655114385
75003,4,1946-1970,non-meuble,24.098998235705682,28.89885294760976,16.899283705508136
75004,4,1946-1970,non-meuble,23.952941882592874,28.752929854421062,16.752965938936516
75005,4,1946-1970,non-meuble,23.347007343318335,27.990231338754803,16.366548109252175
75006,4,1946-1970,non-meuble,24.618859267410723,29.538604584253353,17.219303780888872
75007,4,1946-1970,non-meuble,25.69828498979843,30.798011068785552,17.998822162515513
75008,4,1946-1970,non-meuble,24.388052456192543,29.27952100207393,17.06606934018039
75009,4,1946-1970,non-meuble,22.848360176720426,27.423014227321104,16.023894590753226
75010,4,1946-1970,non-meuble,22.651420701360067,27.202314109828038,15.90079405831122
75011,4,1946-1970,non-meuble,22.2691166136565,26.724347174429052,15.613910318572643
75012,4,1946-1970,non-meuble,18.82483948358236,22.592835821615957,13.226595816835058
75013,4,1946-1970,non-meuble,18.47242188004084,22.168799891201818,12.92450672133072
75014,4,1946-1970,non-meuble,21.270229491117995,25.524395523864474,14.911271130963074
75015,4,1946-1970,non-meuble,22.50797343804069,26.99699876874755,15.752322423644983
75016,4,1946-1970,non-meuble,24.211375847540737,29.03803353448418,16.96281100506787
75017,4,1946-1970,non-meuble,22.871601099649283,27.445473827274043,16.047514975559135
75018,4,1946-1970,non-meuble,18.696717244053648,22.44782605180143,13.11788758124241
75019,4,1946-1970,non-meuble,16.400112188403327,19.696332450254047,11.465379122718263
75020,4,1946-1970,non-meuble,17.537346026799707,21.062133328793948,12.27704841308227
75116,4,1946-1970,non-meuble,24.211375847540737,29.03803353448418,16.96281100506787
75001,4,1971-1990,meuble,26.03804710806496,31.272145883925234,18.225755211523207
75002,4,1971-1990,meuble,27.915572921195658,33.53863037951132,19.530939128785946
75003,4,1971-1990,meuble,28.29554756007639,33.99464305392101,19.79686927388282
75004,4,1971-1990,meuble,26.829875896457914,32.23584987293231,18.770911924703352
75005,4,1971-1990,meuble,27.54218636975038,33.084332940348666,19.26327532351037
75006,4,1971-1990,meuble,27.699828245000006,33.27976305754512,19.399923662087815
75007,4,1971-1990,meuble,29.797277186577553,35.79672299393044,20.898013447488232
75008,4,1971-1990,meuble,27.216065680494996,32.69927466481355,19.041294464836565
75009,4,1971-1990,meuble,25.4000248488114,30.475021001613545,17.800023272141402
75010,4,1971-1990,meuble,23.963089618077955,28.756330340133964,16.773216632695323
75011,4,1971-1990,meuble,24.347436298844052,29.23692119364023,17.013215313839854
75012,4,1971-1990,meuble,21.588111055469973,25.898411203791134,15.122651344530508
75013,4,1971-1990,meuble,21.648502725956682,25.95864936411254,15.130919407189676
75014,4,1971-1990,meuble,24.794997310654093,29.746854558544214,17.335431827398548
75015,4,1971-1990,meuble,26.670823008497116,31.989493603473537,18.670722947172866
75016,4,1971-1990,meuble,28.24547233108207,33.91114089757649,19.75792997612747
75017,4,1971-1990,meuble,25.622800275499795,30.77739861045464,17.94111850957554
75018,4,1971-1990,meuble,21.601628534580364,25.909220730457328,15.128991701567205
75019,4,1971-1990,meuble,17.25232442994009,20.686628197825407,12.060435476031074
75020,4,1971-1990,meuble,18.372900666721897,22.038294445909166,12.845000649224648
75116,4,1971-1990,meuble,28.24547233108207,33.91114089757649,19.75792997612747
75001,4,1971-1990,non-meuble,22.85938341687289,27.41576965823584,16.024814070502018
75002,4,1971-1990,non-meuble,24.473160815118344,29.396313483306457,17.169267584819426
75003,4,1971-1990,non-meuble,24.79613917719123,29.79530305975933,17.39728648153387
75004,4,1971-1990,non-meuble,23.550387896494723,28.25636788705503,16.5179219294232
75005,4,1971-1990,non-meuble,24.13700120724972,28.97919835266669,16.926468699017384
75006,4,1971-1990,non-meuble,24.29979449712865,29.139794162510366,17.039855831726822
75007,4,1971-1990,non-meuble,26.09768325048611,31.297211147177133,18.29835347199636
75008,4,1971-1990,non-meuble,23.893883773741948,28.646574553843667,16.749630762300338
75009,4,1971-1990,non-meuble,22.27501750800987,26.725055910736614,15.600003153339994
75010,4,1971-1990,non-meuble,21.018101283337163,25.21142059904657,14.728125899703906
75011,4,1971-1990,non-meuble,21.354452055320515,25.595709282170773,14.968466800019597
75012,4,1971-1990,non-meuble,18.93299662858633,22.735739580286257,13.275063102548353
75013,4,1971-1990,non-meuble,18.999762906287113,22.778347586958134,13.302375417867374
75014,4,1971-1990,non-meuble,21.7431287571485,26.07104665808138,15.239391650137312
75015,4,1971-1990,non-meuble,23.370792746762866,28.070811965126953,16.37072331421539
75016,4,1971-1990,non-meuble,24.762647679888893,29.706415871834352,17.33604886568658
75017,4,1971-1990,non-meuble,22.46982125828029,26.94874449683201,15.763814588759155
75018,4,1971-1990,non-meuble,18.981564841545005,22.793474680725158,13.282113286833264
75019,4,1971-1990,non-meuble,15.156472207545011,18.17158107655278,10.602911548351479
75020,4,1971-1990,non-meuble,16.129531306388422,19.340756339472367,11.296181337561812
75116,4,1971-1990,non-meuble,24.762647679888893,29.706415871834352,17.33604886568658
75001,4,sup1990,meuble,29.708991898677425,35.63088238938032,20.776271301332343
75002,4,sup1990,meuble,28.979476165436466,34.75537139852375,20.265633315805527
75003,4,sup1990,meuble,28.596565912568238,34.295878754655924,19.997596649436698
75004,4,sup1990,meuble,30.06943849774843,36.06332619729812,21.0286069484239
75005,4,sup1990,meuble,27.692785779158765,33.20508183846871,19.3743482710082
75006,4,sup1990,meuble,32.31536723646723,38.774471375051164,22.59676442386633
75007,4,sup1990,meuble,34.890886062139906,41.88902632665073,24.393714033655506
75008,4,sup1990,meuble,30.265887247501695,36.30520253088236,21.187446623708894
75009,4,sup1990,meuble,27.598029870937257,33.09763033412649,19.298623541124897
75010,4,sup1990,meuble,24.53711064082222,29.42454397338211,17.155988318277117
75011,4,sup1990,meuble,24.096233165361316,28.885831961467986,16.861829067376345
75012,4,sup1990,meuble,24.568841304959182,29.482723272233436,17.17418754117449
75013,4,sup1990,meuble,23.631932699272106,28.337303972928744,16.529604927815637
75014,4,sup1990,meuble,24.977025201867878,29.941379982278313,17.464797096351194
75015,4,sup1990,meuble,27.85649220254677,33.44187248675537,19.504324920643178
75016,4,sup1990,meuble,28.91487328888745,34.69784686065225,20.270874799854017
75017,4,sup1990,meuble,26.25249015571054,31.50802386063728,18.369410081460966
75018,4,sup1990,meuble,23.782997498781537,28.512231444062987,16.620733035736546
75019,4,sup1990,meuble,21.630366298798975,25.96405601507017,15.139336919271527
75020,4,sup1990,meuble,22.103021255274843,26.53154576799067,15.466738210837605
75116,4,sup1990,meuble,28.91487328888745,34.69784686065225,20.270874799854017
75001,4,sup1990,non-meuble,26.020459273211472,31.264406951998524,18.242923451768966
75002,4,sup1990,non-meuble,25.42245953074854,30.498449973708293,17.827590489389422
75003,4,sup1990,non-meuble,25.096941950360826,30.096393272025264,17.59787013753959
75004,4,sup1990,non-meuble,26.349010694914348,31.64291042263585,18.48165708456315
75005,4,sup1990,non-meuble,24.286490573054557,29.13019060064582,17.036811279853698
75006,4,sup1990,non-meuble,28.315964185633835,33.99514663579949,19.83715423111032
75007,4,sup1990,non-meuble,30.592039907409365,36.690519290530816,21.39444757687369
75008,4,sup1990,non-meuble,26.52671679787914,31.865928722626084,18.58734120237911
75009,4,sup1990,non-meuble,24.173312011097515,29.04792716922032,16.923814249625213
75010,4,sup1990,non-meuble,21.494987038696685,25.833955444045095,15.062274907234132
75011,4,sup1990,non-meuble,21.103182811320927,25.34451606989591,14.817048595509258
75012,4,sup1990,non-meuble,21.53980557588034,25.86126095300133,15.089324415274234
75013,4,sup1990,non-meuble,20.7086543353931,24.856583544327606,14.521236227418534
75014,4,sup1990,non-meuble,21.884852151137558,26.2731570937452,15.348534475099008
75015,4,sup1990,non-meuble,24.437813804490613,29.323192321450538,17.104301800739222
75016,4,sup1990,non-meuble,25.392884486341558,30.47584395514518,17.748933467338556
75017,4,sup1990,non-meuble,22.999047603199873,27.628666150967987,16.141854218873075
75018,4,sup1990,non-meuble,20.84995376832802,25.019850332278462,14.624529608218634
75019,4,sup1990,non-meuble,18.95395449804889,22.768572076826256,13.282058759054895
75020,4,sup1990,non-meuble,19.3684678307444,23.270197450651192,13.572666605763345
75116,4,sup1990,non-meuble,25.392884486341558,30.47584395514518,17.748933467338556
