conseil_de_quartier,hre,are,bur,ror,bsr,war,ver,vhr,Faible Sensibilité,Forte Sensibilité,Sensibilité Faible à Nulle,Sensibilité Moyenne,Sensibilité Variable,Très Forte Sensibilité
TRIANGLE D'OR,14.110471773076016,952.3068666219157,33.31132649252831,38.87711313106448,0.6628585648796107,7.595442698532246,19.55226966191449,64.50962004914602,0.7525227652386142,0.0,18.778998791406785,2.8125846316509686,27.958448187858643,49.69744562384499
MARTIN LUTHER KING,15.838775527106257,578.7722637721531,17.05294442971569,55.20159295027577,0.316750990104423,1.562801427403236,25.86475223917354,70.0967072435903,0.0,0.0,18.419920598325724,1.8632671284595879,63.31590014367147,16.400912129543222
BAS - BELLEVILLE,16.116430908634015,363.17705107689034,42.27427886832943,33.33970661858551,0.47341623259754495,0.04200963156155689,23.871850302282546,87.55787607466482,0.0,0.0,0.0,30.225919669990425,16.157550600598803,53.61652972941077
BLANCHE - TRINITE,16.37832602842117,301.0421248624747,56.79710032574232,33.50038123522645,0.5142206779837681,0.04563050384838899,9.14204079870911,69.72777572042524,0.0,0.0,1.2580072631143568,0.0,17.550193787841916,81.19179894904374
RENNES,17.829023476182567,226.6470802432481,51.712980086420586,37.32545250533175,0.45621508095305635,0.040483249504366776,10.465592765908529,61.89248594816429,0.0,0.0,1.6170280502345356,0.0,15.571394442723863,82.81157750704158
MANIN - JAURES,13.62649566630251,814.8158979219004,30.30319484479117,40.14494406999003,0.5951388994133118,1.5143834768968012,27.442205892262972,74.75895103732013,0.5593736434250398,0.8047511248447384,14.696711874658144,10.675548093431395,42.85940094699505,30.40421431664563
DAUPHINE,14.853364131920525,434.36539904408704,38.62526958664541,38.70085891920947,0.6009014377228016,0.043556016263442514,22.029673973730915,81.39801203785923,0.3773372480985087,0.0,10.596629709029411,5.356862165051527,25.648788241252436,58.020382636568115
SECRETAN,15.37004289646911,313.13474238478017,39.95837411170329,33.89762212300225,0.3996079797878676,0.035899582024263375,25.708882764147006,87.9339036102194,0.0,0.3851925642746222,0.053596128620915603,22.570607476420598,23.562193927895287,53.42840990278857
JARDIN DES PLANTES,11.906616612064989,314.49221552417913,31.352181279231576,30.190635348260475,0.4363102203314524,3.2481288951873744,34.771905926659144,76.84563941211186,1.2687855796466854,2.105938099171045,24.916190368607875,8.191129194710804,21.83982258968716,41.678134168176435
CROULEBARBE,14.38285984660184,290.95905197234947,35.172462278009085,34.35097276140174,0.3835120214226544,0.033991229667903834,30.059455023360574,84.94448987080878,1.5599361903529663,0.6231247065399346,8.060490072616577,22.70038395200108,21.550883771655645,45.505181306833805
EPINETTES - BESSIERES,13.520962324781516,376.82444067169087,20.4528742716724,50.4379842914133,0.7139555690294854,0.1109004367584103,28.28275212335443,67.81533491369372,1.0586690699782269,0.0,14.751235207614146,36.38375367344599,33.78684036360665,14.019501685354992
SAINT - PLACIDE,15.547393386124819,262.03379622040114,53.279770158586985,34.735856244370034,0.373942225947696,0.03318258660286722,11.57557579505838,82.62814364096862,0.0,0.0,0.0,1.6808700761823714,14.633207465042688,83.68592245877494
SAINT - THOMAS D'AQUIN,14.74047686348793,564.288974693446,44.624902225084966,29.90746896564572,0.37233214230813066,4.1675488695029745,20.928788164569593,67.57466596257804,0.0,0.0,12.971139581841072,2.996689919588205,16.39414236504256,67.63802813352817
GAMBETTA,13.525001638701283,345.2488099231542,32.09807270705877,38.6646319178505,0.630802680373578,0.04927037162960448,28.557422399987683,77.6262214923436,1.460915529572294,1.44582515484996,8.865576689138878,14.120632240462168,34.801374653700336,39.30567573227639
SAINT - LAMBERT,14.927393301758162,607.0608021935418,44.35166556370417,36.88251399663789,0.44064355650126497,0.035858038314112564,18.28846567781571,79.42507442363522,0.0,0.0,5.961739699486094,7.253264167987472,27.412319932429885,59.37267620009654
BOIS DE BOULOGNE,5.105232382673571,195.73159677146305,1.6731782295563906,16.18295469796428,2.7721062210185043,5.440759377880765,73.92730718822699,74.23360815708571,3.0712047881496676,0.0,89.8448137174435,0.22160399563562533,6.806801316324076,0.05557618244714934
NATION - PICPUS,13.310036229662316,414.62011588666877,39.14351023433175,34.792778892932404,0.41507175495757614,0.033900504238126086,25.61903108257642,78.39374199413491,0.0,0.0,4.312203624033381,12.969212653535852,25.610301759915817,57.108281962514965
PLAINE LAGNY,13.684456995432125,396.16058577285196,28.464294032012575,42.15888217787427,0.5816504679735398,0.04986913087418588,28.746247492666818,78.16703308060055,0.0,0.0,13.30760010656052,19.251930629301704,33.859294945028076,33.58117431910969
DIDOT - PORTE DE VANVES,14.101879406257789,383.3969831131401,29.82963973782778,40.66899598513429,0.5502655012032328,0.048329342288277365,28.905265399840545,81.11998237293562,5.885771028225675,0.0,0.801300865748129,28.135837620087678,30.371539313504453,34.80555117243404
BUTTES AUX CAILLES - DAVIEL - BOUSSINGAULT,15.283957484150864,298.535816313038,38.297686609479726,40.12333079210404,0.48301381503062185,0.04286129416653982,21.05344696222364,84.92952409539997,1.3321758512871418,0.30606960624138,0.20666109409616745,27.060994131697264,24.587611471589486,46.50648784508856
CHAILLOT,15.008305526032036,375.36472444455023,39.870509563213844,38.31654791609061,0.580301550286016,4.084348073437723,17.148225889425543,77.08574566564377,0.0,0.0,12.577011503943442,2.852131023731272,27.773144333843604,56.79771313848168
MARAIS - ARCHIVES,15.419936244397984,433.66973597001146,59.77126853498348,31.205789294561924,0.4049077922650917,0.03593038429656104,8.581804883717114,52.64339238623843,0.0,0.0,0.0,0.36650013599844294,20.086624517185328,79.54687534681621
LA FOURCHE - GUY MOQUET,14.92440013143663,168.9768809394656,49.77162358615552,36.83028974167527,0.42749532319650574,0.03793473857716433,12.9325279327504,73.29997538427074,0.0,0.0,2.566150565373034,1.8548153919366777,15.484447129195054,80.09458691349525
CHARLES HERMITE - EVANGILE,12.753542203323844,1162.400179352438,19.490177415873013,60.114287220012116,0.5977763059309084,0.0679225131425104,19.730814200530244,60.30948792032171,1.9308694090666685,0.0,2.0339604400964806,14.370255975920731,73.98733713391924,7.677577040996864
JEAN MOULIN - PORTE D'ORLEANS,12.508670704415122,338.0500340157858,32.37442757926823,42.13792811110806,0.6397500754226557,0.05668664693382634,24.792614208377223,72.45447752879734,0.030764461367393213,0.0,5.481145165475484,10.978239511165215,40.944463653732946,42.565387208258976
INVALIDES,11.3762384334613,462.9491137231012,28.062515239668777,36.31212056480902,1.0487387607028884,6.213294560949226,28.363919950384407,68.6791280133244,0.6289212829186662,0.0,28.803178421137787,6.301813146398311,34.530641558643524,29.735445590901698
LOUIS BLANC - AQUEDUC,15.391825741556135,944.2598837043761,42.431400032038546,46.055413949974955,0.48639369601422844,1.6346551875147548,9.392000680106124,69.37242500165644,0.0,0.0,3.3225343886613414,1.1266715276400794,42.72934022476348,52.82145385893511
NOTRE - DAME DES CHAMPS,14.762037431234232,524.6861242898489,43.28264686341994,35.593870359949236,0.48148894709157564,0.04132349507782797,20.60212205842147,79.47757169224269,0.4780205227736361,0.0,8.072044564296409,2.4819326454798523,27.395101833104395,61.57290043434571
ITALIE - PEUPLIERS - RUNGIS,12.698078102258965,355.5382944383018,26.837110376541542,43.43311082583036,0.761975032129091,0.04931782449769619,28.9177698662591,72.01208213522868,0.3209117660834174,0.06507947606508048,8.747300399746525,27.03472312438734,42.838901239805885,20.993083993911775
MUETTE SUD,15.094487319292954,424.8483987394925,35.30508461141662,34.046966332798,0.4824955047199961,9.468102178541276,20.696759450375755,76.03689193258869,0.36459815277504926,0.0,13.460553618779116,10.303334890189321,20.76299495999734,55.10851837825918
PASTEUR - MONTPARNASSE,17.208900328097755,456.514219006177,40.631251536867325,44.111530922969536,0.440345691742822,0.03907504431847567,14.777458119757183,82.32331116584376,0.0,0.42821366506180375,2.993007162192832,7.119653555684717,23.225060806391305,66.23406481066934
GRANGE AUX BELLES - TERRAGE,13.810511643062881,369.966557731459,39.239292169247385,33.443877004898006,0.4394905963578868,4.1052359764773945,22.771780209700164,82.97211336191259,0.0,0.0,12.65516390880584,16.882213833549514,23.723050066472815,46.73957219117181
BIBLIOTHEQUE - SEINE,15.34162237946369,1633.5719015876095,27.575706951054936,46.82640825054703,0.5166605771886373,8.408425923090723,16.672292554106534,60.88802033793076,0.0,0.0,10.80828545351282,15.333564927713795,42.11156079408873,31.746588824684657
SENTIER - ARTS ET METIERS,15.733214029903987,316.1555830801947,58.184331454476435,32.64537606145224,0.5198812922415302,0.04613281091563067,8.604286457663054,60.870238241438884,0.0,0.0,1.4027042164492658,0.0,28.63661634067111,69.96067944287961
CHATEAU D'EAU - LANCRY,15.661947146878521,460.50731028724755,56.59052328801802,35.26538380724232,0.4751789902198918,0.04216604983262221,7.627839228408801,72.45181898937248,0.0,0.0,0.7524563785229276,0.5693288594637995,19.63997791173777,79.0382368502755
VIOLET - COMMERCE,14.819409006915789,221.1652068333945,44.55218630285974,37.80746203475201,0.38375548574364354,0.03405338781342912,17.22128835831502,80.68964229532062,0.0,0.0,2.939465773900803,16.81564200183749,13.770840371518307,66.4740518527434
PLACE DES FETES,15.62976972130224,378.2152129544555,42.26075119293822,35.098368994766936,0.38839615276739287,0.034465187617584346,22.21882452125296,80.89912802008052,2.4261763944780323,4.446184114358096,2.8535473961079854,27.91177161932808,17.801661376211733,44.56065909951608
ODEON,10.828835138926058,504.3502452579099,30.67277364252479,29.82627608867971,0.36308536043746026,0.02650409201402688,39.112580026579266,71.5914924508651,0.0,0.0,36.48805308914787,0.0,32.24928685120953,31.26266005964258
MASSENA - JEANNE D'ARC,13.65273274355982,324.24458142592124,35.06524057475887,36.557823682617936,0.5464538360118437,0.04582122675452987,27.78520977923438,79.98162334623494,2.2859203470703786,0.9902104741629941,4.7755694588024475,29.471524332236463,24.477239950747176,37.99953543698055
BATIGNOLLES,14.59045168702783,196.47938179408462,48.219247146668444,38.58600948669608,0.4164103429373128,0.14403682533493942,12.63446393132347,81.81201465930233,0.0,0.0,3.8244906029701506,0.3973823758482604,22.15269445262394,73.62543256855764
MONCEAU,17.38006020555424,332.3838338829379,39.31490394732462,32.129744094347274,0.4063318720972503,0.3562488210211381,27.795348228909923,68.0055720570314,0.0,0.0,22.26564041406549,0.28357807216233294,11.872410879484942,65.57837063428721
ANVERS - MONTHOLON,17.70865180133067,301.74092152271606,54.60468298196565,35.652523256726646,0.5516810447674914,0.04895463195889002,9.141491638590896,75.7055621497952,0.0,0.0,1.4764365528172334,0.0,25.806897604634866,72.7166658425479
MOUTON - DUVERNET,13.530364395334166,162.80331156471186,44.79661179026579,37.69459546760345,0.4871226201593665,0.04322589803461955,16.977118074607525,80.21708140261079,1.7180862635595564,0.0,2.471442293656433,5.463188627547911,18.672584687658155,71.67469812757794
VAL DE GRACE,15.1898195054802,295.35638577082545,45.12404142928647,36.9845715927688,0.39229492804168337,0.030493692514060464,17.467442434183294,84.38322952212833,0.3991025977146527,0.0,0.9344349150801909,15.437035834936122,17.22575106907916,66.0036755831899
SAINT - GERMAIN DES PRES,14.806869575662025,252.82967137944496,49.652641028955344,33.33987632077455,0.5870299281494995,6.055859681958674,10.363861477550655,77.55608096414042,0.0,0.0,6.31590778057273,0.0,25.152796471093392,68.53129574833387
BEL - AIR NORD,13.959616852279757,322.2123192379844,31.567556511481104,43.39146262501435,0.6084883570247654,0.05399242542727075,24.379348939992976,79.12810585459097,0.0,0.0,1.3639191859799955,30.253754448471327,26.367569076250145,42.01475728929853
AUTEUIL SUD,13.416847469010781,658.0150677469779,29.569699330004614,40.06951953687746,1.0246696576562648,6.1384951844176285,23.19746686252105,74.71494776083887,1.7087917542019069,0.21927752509271412,7.913116174004708,21.57185311041882,36.82696142671682,31.76000000956502
PONT DE FLANDRE,15.11980877165185,583.2426650738107,24.895782582843644,45.50772985878493,0.7791083932789139,5.719065476978037,23.09619455491103,66.01491511185839,0.0,0.0,8.361547415246802,18.559627065519646,56.416432691199425,16.66239282803413
SAINT - PHILIPPE DU ROULE,17.150471551723513,361.7003205994017,54.91252194996732,35.3198347299293,0.4856198868725687,0.0430925496883508,9.240275629719017,80.3097537671265,0.0,0.0,0.0,0.0,19.678454594326407,80.32154540567359
TERNES - MAILLOT,16.1807236130941,509.7332982126804,38.58373560408334,44.38291181209518,0.7554852716160464,0.06703964867582664,16.211002021648582,73.63141121405562,0.8346062350436221,0.0,2.468612535950118,8.960756030237697,31.448099978132607,56.28792522063594
FAUBOURG MONTMARTRE,17.104914412654118,411.35971304661916,60.58657084386794,33.685230621485225,0.473046351676772,0.04197680936380912,5.212464366166221,48.000373194702846,0.0,0.0,0.0,0.0,16.14816471795801,83.85183528204199
CLIGNANCOURT - JULES JOFFRIN,15.49167329049311,246.36367641585875,49.5218125436031,39.33226032296604,0.45685673005114913,0.040540187649590026,10.649159941606017,69.35852931818364,0.5633502554395599,0.28304797493168665,0.5929591659489792,1.8623287623862672,18.94566489844386,77.75264894284965
GOUTTE D'OR - CHATEAU ROUGE,14.830084750717885,219.70262801644552,47.06762535835765,42.07235493213372,0.5011402337754413,0.04446978183672857,10.313523153911236,72.5581092838335,0.0,0.0,0.8104137913068482,1.3182758955342695,26.46072625934517,71.41058405381374
LEGENDRE - LEVIS,15.976545666803759,235.50038198256271,52.602209548937225,37.55612036655102,0.4840688482593311,0.04295491486260276,9.313775317308226,71.94509228535777,0.0,0.0,2.338252202849808,0.3845063454207793,16.52112110100106,80.75612035072837
CHAMPERRET - BERTHIER,14.546891218418542,692.0503268010223,25.83987433482905,47.87837399778158,0.8256062964775992,0.07326199217889959,25.38298439028002,70.6110678305114,0.0,0.0,9.677552167486429,18.093933551102403,43.40263421736811,28.825880064043055
HOCHE - FRIEDLAND,17.424975416831764,334.5509824897057,47.98751950367001,38.21533469047887,0.4971402403694072,0.044114833616397904,13.255651143223359,80.83475017645927,0.0,0.0,1.96060597182804,3.322681744991032,19.376904474384062,75.33980780879689
MUETTE NORD,14.381294676677914,376.21012145655783,36.00212238215661,35.001249746840415,0.4801542610736574,0.9925040730072189,27.523865816455622,79.33299730372946,1.0006211526505795,0.0,12.14336000046085,11.985180679653155,24.09441150316271,50.7764266640727
PORTE DES LILAS,13.769800273681088,292.9061948380171,25.710898003882573,35.51477465013742,1.4920874853230222,0.04910775818760626,37.23369732677514,72.96514706806057,0.0,0.0,12.333048520004551,33.05338900877647,23.837171261886567,30.776391209332413
EMERIAU - ZOLA,14.84834002094026,485.1462900532968,38.67958941991067,35.894107528498346,0.596250298866336,9.609080999674301,15.220311638244937,75.93575685021646,0.0,0.6450358802935957,10.643592593379081,3.663466186327079,35.675780865226336,49.37212447477391
PORTE SAINT-DENIS - PARADIS,15.730126362712266,325.0847984482493,60.451930790487864,32.59564620722012,0.3132039480666681,0.027792841807963726,6.612108796345562,64.22191257329622,0.0,0.0,0.0,4.066722984177183,10.840370160021974,85.09290685580086
GEORGES BRASSENS,13.001080027935558,313.23848208995497,26.33932845411776,41.385104458829815,0.5561356683019633,0.04418842147113478,31.674908005382655,74.09163682558663,4.121002720991726,0.0,9.487308825184684,21.798890748034715,35.6495859401496,28.94321176563924
MONTMARTRE,15.14396850831181,186.3485182373703,44.719282260122775,34.48318995740942,0.5144198334835132,0.045648176350072844,20.237642784651566,74.5270482271709,0.0,0.0,6.780835326975976,12.336873682774073,19.13941328601535,61.742877704234616
MONTSOURIS - DAREAU,11.828283451155393,346.4614807990908,23.23649546139926,34.413933994527994,1.2122118707152438,0.6897650929756851,40.444951273527145,76.11367045049778,0.974231805668818,0.004130662026528596,20.23094057249138,34.16889588467126,26.1216868713444,18.500114203797605
DUPLEIX - LA MOTTE PICQUET,15.432808371272932,334.98288838791035,39.26987330184898,37.22873806662138,0.5801688639543836,7.170217812434873,15.750552420844429,73.203934484558,0.0,0.15607353422331557,8.267550381513676,12.537147120910532,26.603507775485276,52.4357211878672
LEON BLUM - FOLIE-REGNAULT,14.495104708013946,290.4966375840037,46.85048093508998,35.121395417970824,0.46664946059196105,0.041409167151505076,17.51968190530537,75.16972645797966,0.0,0.0,3.8612252066601833,8.208449679902984,19.255208047224162,68.67511706621265
BASSIN DE LA VILLETTE,13.027939821052417,260.9992735330983,34.791962824498434,31.061388450412494,0.7888096081947835,10.486603848212997,22.87190243203406,77.33341566723126,0.0,0.0,19.398131102388472,15.483456659517184,17.24784038942814,47.87057184866622
COURCELLES - WAGRAM,17.303191090606983,286.75601746706894,51.875940392037364,39.228709387392634,0.4856510761538318,0.04309531733788269,8.366469135236512,72.26868884792265,0.0,0.0,0.9016333321458013,0.42368978018433345,17.48342014170528,81.1912567459646
ROSA PARKS - MACDONALD,11.683056113507867,963.1887174840839,23.330147986685468,50.245580877844716,0.8105989390886826,2.608333950465742,23.00451926086235,64.35891670073103,0.0537210051269611,0.8347459611344656,10.099355785597458,10.473434392498849,68.81156448538566,9.727178370256624
REUNION - PERE LACHAISE,13.077146014039062,226.59273898506078,27.674575244982965,29.90557405935447,0.2944121245863649,0.04955306351920212,42.0771962248931,78.76479242272997,0.0,0.5931257321057635,41.431096953308845,12.534636512120972,9.065948671005154,36.375192131459265
FAUBOURG DU TEMPLE - HOPITAL SAINT-LOUIS,13.286504593710173,435.848395394933,47.81805303883923,33.67659941378836,0.4014526685363614,2.167166612005252,15.936250811053874,80.63481156996413,0.0,0.0,4.265712479958962,1.3065406164142839,33.58807194020117,60.839674963425594
SAINT BLAISE,13.934425347917273,361.89655703752527,28.609864152368473,41.91748176838996,0.588071283919721,0.04956032582884046,28.834078752337703,79.85091808798593,6.651102981439653,2.4853009575202707,1.0641549471271305,31.108539960475785,37.450712682303305,21.240188471133855
PEREIRE - MALESHERBES,16.234421148047296,354.94012976560174,38.752858789298536,43.357430573327704,0.4935796867536178,0.11945432833067574,17.277237880803224,75.49453306192815,1.1678584065443764,0.0,2.8029320601710155,12.479409661309315,27.964925261209203,55.58487461076609
REPUBLIQUE - SAINT-AMBROISE,13.753041278111073,338.0132642999113,51.021220888253254,34.02759212119331,0.49659996751837143,0.044066891315623406,14.410457903155734,75.76705066526763,0.0,0.0,5.436204584012411,1.1833986328112736,20.99061451983266,72.38978226334366
PERNETY,14.498772560808751,243.74052299052042,44.46166963591799,38.850595072514416,0.47170498448546244,0.041857780193249226,16.173204473585688,76.86571899796478,0.2640637884916339,0.700227889858271,4.140429240874668,3.7082826846474948,22.131416019613855,69.05558037651406
EUROPE,17.44801784529175,967.847378100548,54.0660988110649,40.39083468732153,0.39918167536337906,0.03542226470801316,5.105368722742465,54.629347200806734,0.0,0.0,0.0,0.10695313467125053,45.63720481061765,54.25584205471109
GROS CAILLOU,12.956433456967975,204.44444929578736,30.13611162244273,36.355774341911726,0.8778081666375265,6.377457974488478,26.251838304921332,70.83979721872097,0.0,0.0,22.9703698664787,4.57395718493261,28.90288730401437,43.552785644574314
GRANDES CARRIERES - CLICHY,13.98395270159595,278.3406788884591,41.094123553629935,36.53988196403475,0.38565468161312205,0.03124743997247255,21.94751295633034,76.51535629800843,2.4096673300119624,0.0,15.871236479971174,0.0,15.62048482675737,66.09861136325948
MAIRIE,17.694935150818242,457.10028557282226,48.73056168926764,41.80867210847672,0.4904837631796741,0.04352415645962979,8.927349522273339,69.39442139515444,0.0,0.0,0.9733012212885324,2.5096375887999893,25.80915603447941,70.70790515543206
SEINE,11.158555217021627,541.4391572270558,30.42879495885054,35.27793668998906,0.6887632808619475,20.099516346522044,13.505341314967296,70.17367745647417,0.17455193443264463,0.0,26.70889695900247,7.023787429054045,30.103023158736658,35.9897405187742
MONNAIE,13.233549286779972,236.82267342693416,45.956554482126464,35.48658425525388,0.640169440793832,9.359023580815823,8.558119507364713,64.51275200473796,0.0,0.0,9.913378448675115,1.0306382710778599,29.303986959214917,59.751996321032095
BASTILLE - POPINCOURT,14.024468941582867,309.51776121300054,54.26167121201233,33.84847423366458,0.42153359264197443,0.03740571129246189,11.43117020407716,76.41761379415719,0.0,0.0,2.99379122399876,0.0,16.195406052424335,80.81080272357691
BELLEVILLE,14.093905326301636,261.40284787325385,40.937492707535256,34.81642554862707,0.4026024141169094,0.03572581149160288,23.809089590896136,82.60425063066103,0.0,1.6476522880859696,4.322057290337961,19.63158309968365,15.057048459808797,59.34165886208362
AMANDIERS - MENILMONTANT,13.507160488573355,313.8084119717489,39.568937290970865,34.238740394381736,0.459793913278193,0.04048267880238274,25.69196387023521,81.16917624102626,0.0,1.649428297365308,9.14329786774757,8.071756368399011,21.533447141980215,59.602070324507885
BERCY,10.141776211856605,819.2988825486457,20.713972103531695,50.145310002310595,0.5561386100560625,7.982676652956471,20.601844512505437,57.93682261248707,0.7451716879561749,0.0,16.20026656758037,4.4997437750000016,67.20433407713385,11.350483892329597
ECOLE MILITAIRE,12.08491662977139,625.7910172493787,34.14674933625653,42.499940530104666,0.5716439342070566,0.050578274775009466,22.72872600383254,73.22788546985613,0.0,0.8691072402159475,5.81702965648518,1.3351837990738846,49.33599222495742,42.64268707926757
MOSKOWA - PORTE MONTMARTRE - PORTE DE CLIGNANCOURT,12.945385446155047,599.2042195534992,23.109476323625422,46.6121361522938,0.8141150383308011,0.0617258668671839,29.40252754703376,73.86470191193368,0.7761458098684738,0.3301265092071481,3.4464212987234037,10.355036113228358,74.53939411353883,10.552876155433793
AMIRAUX - SIMPLON - POISSONNIERS,13.47659454905881,573.3943652673835,30.968552545541797,54.876213138388806,0.2390216822449491,0.023546115721898714,13.89438164826635,64.73748542662774,0.0,0.0,0.5444534737929165,5.3425625654186994,59.70259765445576,34.41038630633262
PIGALLE - MARTYRS,16.203279984308214,286.48399441616516,57.874259795035016,33.14870547354277,0.41672167562403883,0.036978715243088774,8.52157613858104,68.46586862667965,0.0,0.0,0.0,0.0,17.724272316474714,82.27572768352529
CITROEN - BOUCICAUT,12.294176708108361,436.1554789793061,24.900270632540746,39.188438685295566,0.6250808213968534,9.072876748195409,26.214813821201577,71.24037691407202,1.1467365672923506,0.0,21.05457674185771,13.448665364790553,40.55242671154073,23.797594614518637
JARDIN DE REUILLY,15.120003130685546,451.6484680666824,33.308300347003616,46.73922148140169,0.3193676041855268,0.04101165782360393,19.59198355770194,69.91156551300482,0.4865381150494491,0.0,4.380127698787838,17.68299203761473,37.246695361756586,40.2036467867914
SAINT - VINCENT DE PAUL - LARIBOISIERE,15.398168517029555,723.6562020871586,46.12240623401895,46.895834009031056,0.44600435305271424,0.03957717808658898,6.495085066496125,51.09911191913376,0.0,0.0,0.5915301268525698,0.0,47.623722426746106,51.78474744640132
PLATEAU,11.34968849439378,187.48465149260522,24.403164238088916,26.379859839958566,0.21933487196195664,2.4198564027972256,46.57756406866008,81.445644441791,0.0,0.6349953224891229,43.60422433688794,12.045123576665896,8.006026339961132,35.70963042399591
MONTPARNASSE - RASPAIL,14.488084615196472,554.5217478078664,29.86083729224358,38.353245492701326,0.40557582376754986,0.03575427752642076,31.341949627971033,78.95735926353021,0.9742658997587613,0.0,22.8603276637758,17.06396618755548,20.962867199459215,38.13857304945075
SALPETRIERE - AUSTERLITZ,14.254319947542081,735.3327984389193,33.0681687280024,42.955927553664,0.3976567904322899,4.606647155547718,18.972772385682784,71.21054975726939,0.0,0.0,4.6850996826368885,12.093955681585001,55.86302694777231,27.357917688005806
NATIONALE - DEUX MOULINS,15.769787046703128,432.85027203239156,32.861875313885164,35.49597250568413,0.42119923214788824,0.029562051867550614,31.191614851314842,76.4685594149758,4.927894110325555,0.0,8.196311350952003,23.817491724099703,27.89723698251998,35.16106583210274
NATION - ALEXANDRE DUMAS,15.414625877422303,264.8157406907765,45.88383039111121,35.70718413745223,0.43776704270964717,0.03739579783628536,17.935377843050983,79.74081718448313,0.0,0.0,1.6543749566576174,3.09481834193463,15.460946528362237,79.7898601730455
BELLEVILLE - SAINT-MAUR,14.466891901582613,534.7323037990478,52.18200513965439,35.470837386937774,0.48003124700215066,0.042596629426812006,11.82522924354762,82.97365239188493,0.0,0.0,0.0,0.0,19.925660541293418,80.07433945870659
TEMPLE - ENFANTS ROUGES,15.436263232578256,247.03020231905498,56.38096127722038,33.504207424750625,0.5281018240488482,0.04686227790194557,9.539611572727859,69.15227265707276,0.0,0.0,2.870397520005309,0.0,21.290913008211927,75.83868947178276
MARAIS - PLACE DES VOSGES,14.655743846371632,212.79784954650287,53.22364696755973,34.39891396540924,0.41027442145689624,0.03640660395180649,11.933407080445093,75.24143788511435,0.0,0.0,3.8856235715967866,3.7900222686836487,16.094244723521875,76.23010943619768
ALIGRE - GARE DE LYON,14.583387347840636,379.1345362839385,38.232087836076644,42.688625557241956,0.5103266337919925,4.85619530267366,13.712492005661147,73.81409104442842,1.6201520953938204,0.13393447408251052,6.899264905958773,8.527908468143265,34.708656615710545,48.110083440711094
ALLERAY - PROCESSION,16.321749779029854,269.6953139916287,43.56966424810644,38.3332367429396,0.41685126099349057,0.036112782815588704,17.64384616594762,81.83429917316809,0.0,0.0,0.9518444991218922,23.481178110542814,18.835246307610834,56.73173108272445
AUTEUIL NORD,15.37009191918964,286.72981683654194,34.696060337297595,34.64879815836172,0.4457098572215447,3.9875247264125946,26.222723668633833,83.23297640704149,2.0102673903358173,0.0,8.616326861230757,28.24156272331559,17.60335075066497,43.52849227445289
VAUGIRARD - PARC DES EXPOSITIONS,13.255709126834688,603.8483103221001,30.953887120150426,40.1757941123145,1.3190202125435855,0.03418244354383733,27.51540691113754,67.62585081577659,2.537635889717882,0.0,12.581941300029404,16.023422659283234,43.0593585481185,25.797641602850973
BEL - AIR SUD,6.287380602892998,249.35640944046673,6.868969066472381,17.1136824611631,0.4780544383900106,3.7136314951009526,71.82787437489166,83.25671268575377,4.028554344818993,0.005239326711068892,72.87413132675326,4.59741759317737,14.588733367179861,3.905924041359425
LOUVRE - OPERA,15.934171268929788,675.4539587642267,41.04176829807919,35.730179540926066,0.6204059108969989,4.888696726441893,17.721339315866615,43.324197472776305,0.0,0.0,22.72508140889145,7.565568394134443,21.64518927153003,48.06416092544407
VALLEE DE FECAMP,6.125711609157404,366.57151623366394,5.274677577737425,17.85725180976211,1.9678560601687083,0.6833363364361968,74.21890073690986,71.65369830946318,0.5294602992401682,0.0,85.39643801432094,3.5265317680117114,7.375257617492153,3.1723123009350167
TELEGRAPHE - PELLEPORT - SAINT-FARGEAU,14.72741438897499,379.9719396027844,32.907962496746904,37.333654330898916,0.36531476035766125,0.0299627984337247,29.362732325172015,77.96907583088138,0.07204658440610025,0.11140606674557145,10.410148089655483,36.567034037072204,18.464394531492047,34.374970690628615
OPERA - CHAUSSEE D'ANTIN,19.307007146041865,784.7731977134514,57.20347262583483,37.09978848623251,0.43068458176866675,0.03821774445728784,5.2274972321555175,51.62394757398603,0.0,0.0,0.0,1.090863633340971,27.44738124675944,71.46175511989958
OLYMPIADES - CHOISY,22.11010009988376,593.5459097975885,26.938329024830182,44.58232173227982,0.5185059189339899,0.04269204015560401,27.91782987698903,74.2424311037199,0.08052286009295052,0.0,0.0,35.08170145897175,46.09726441642671,18.740511264508584
SORBONNE,15.422139097686692,663.7972155709238,44.625816640513804,40.41328641674916,0.6429816833703866,1.7036620637794002,12.614891253745675,56.79502610041236,0.0,0.0,2.985292136751506,10.342412918421639,41.71401062763686,44.95828431718999
LA CHAPELLE - MARX DORMOY,13.222627378267388,808.5469020941912,28.828863574450807,56.20210040015471,0.31344784936285935,0.09465850403917463,14.560523768558017,68.18112856494697,0.00011454727727068764,0.0,6.32809252758964,2.715698730009132,51.794147528907054,39.161946666216906
ELYSEES - MADELEINE,14.748910956341108,466.8189132902279,41.71089187966004,35.5843680509572,0.45797975630580456,0.035006246310984895,22.21190231616624,65.12785434455469,0.0,0.0,10.462174335497341,12.174947329640858,24.26255649044375,53.10032184441806
DANUBE,12.200174101323583,442.1144947920029,26.118066455408254,39.04174737690696,0.6685081467493578,0.05789567499164565,34.11295652154772,77.09627012954954,1.8596665569118875,6.403981298304844,12.290271895760208,26.20947996885749,37.14212996728575,16.094470312879825
FLANDRE - AUBERVILLIERS,18.244232844608135,527.7938477409809,38.573577573313166,37.631631093718745,0.44915884849197746,0.03985709918358844,23.304450728906758,84.23417279351686,0.0,0.0,0.0,38.61997946657901,22.09603784986613,39.28398268355484
SAINT - VICTOR,16.26371156054984,729.7909183910739,37.09837854273171,37.71906292061142,0.5694525634857626,6.643595133056204,17.970184559171656,73.33265107253587,0.0004006236961385592,0.4153736167365239,9.138455521605382,5.678392911881319,19.269984601254844,65.49739272482579
CAMBRONNE - GARIBALDI,14.817183625368989,323.70066818217975,42.528300704979216,40.4847542199649,0.5131884504003561,0.04553890686146505,16.428272585620235,77.60349974294203,0.0,0.0,1.4660432678777366,7.807938381349242,35.47367267931987,55.25234567145316
HALLES - BEAUBOURG - MONTORGUEIL,17.254259659748005,899.9917079387662,55.0785923316053,32.99052808476708,0.6027615639228024,0.05348737427301318,11.274523076690834,56.88815569571247,0.0,0.0,4.929915436598677,0.15206715981273722,23.279289530295785,71.63872787329281
