,svf,aspecratio,hauteurmoy,perm√©able,voirie,bati,rugosite_t,admitance,albedo,fluchaleur,aleaj_note,alean_note,alea_j_cl,sensi_j_cl,incap_j_cl,alea_n_cl,sensi_n_cl,incap_n_cl,vulnj_note,vulnn_note,st_areasha,st_lengths
FAUBOURG MONTMARTRE,0.18186818565013962,1.6394867299446632,19.072687827606217,20.76836608178394,1.0699866587781293,78.16164725943793,6.479796508550198,1600.0,0.1507071222007431,35.095384457956314,11.399838784894932,20.03680620782688,2.24501765167164,2.101348359952818,1.9090483490857078,2.9999999999999996,2.0459576927102647,1.9635156194218915,6.255414360710165,7.009473312132156,11418.125387061773,449.9566633890867
CLIGNANCOURT - JULES JOFFRIN,0.29595519049364116,1.186249721625735,17.294186711342782,35.25974862396687,1.8771225248033376,62.863128851229796,6.478535360494122,1599.6169360894435,0.1511642179996823,17.49086037441085,10.258016593716128,17.45375208361079,2.0690537125977926,2.404281908287104,1.6967295768814445,2.9809158251730254,2.404281908287104,1.8677889430814236,6.17006519776634,7.2529866765415525,16293.18987157794,576.9750511941868
GOUTTE D'OR - CHATEAU ROUGE,0.2686921254188958,0.9881729856665266,17.450517931588827,32.47777192949122,1.392514690000935,66.12971338050785,6.479220111368047,1591.5661365873548,0.15461625924136496,13.069174282003738,10.942047148089586,17.217106851915993,2.1677066832314678,2.103944371490973,1.898308420983787,2.96637193777708,2.0992704251038345,1.9843144387830778,6.169959475706226,7.049956801663991,9107.709588637978,413.13819363637293
LEGENDRE - LEVIS,0.23186386853155233,1.1651477315425856,18.353490509028983,29.01842726138395,2.034571610412978,68.94700112820308,6.49181191838106,1597.5424567973073,0.15055262895573063,26.450157173614347,11.226766955760024,18.407836577012922,2.2268450825131856,2.6645750288675947,1.9540586815230903,2.9715273044227786,2.501982049065241,1.9540586815230903,6.8454787929038705,7.4275680350111095,16807.219593668204,553.5438624484754
CHAMPERRET - BERTHIER,0.46516316655990325,0.7363382799302048,18.4979551815754,54.04677576402535,6.467054472403603,39.48616976357105,5.981761342082046,1565.4255606297136,0.16956259668617082,18.679834836899254,8.066477135461275,12.256907681091214,1.5888052212146286,2.386655371000846,1.5789083286871737,2.305833374073818,2.3386735181217033,1.5793908193165063,5.5543689209026486,6.223897711512027,13459.338338729483,542.2410905483997
HOCHE - FRIEDLAND,0.25305676043618675,0.9100083275767238,21.009444973398736,32.19515196610275,1.4770316975292919,66.32781633636796,6.429099984834837,1595.8185905222847,0.1526739738780108,39.25684449166117,11.14408369856649,17.368400512333086,2.2812370322482134,2.3149415843984764,1.9622352289122398,2.9321434648972966,2.0724255298549275,1.9622352289122398,6.558413845558929,6.966804223664464,23889.003518854144,706.7232736451459
MUETTE SUD,0.35825940720373833,0.8538652363778172,20.037040373533486,44.32016375884001,3.8599100797455517,51.819926161414465,6.323990963328311,1589.091106703069,0.1571082778418828,10.917164939293537,9.002735835236422,14.962325540562599,1.8432168867126408,2.36643867550125,1.8466256355862207,2.719601546257362,2.3066670694865787,1.8995504262145926,6.056281197800112,6.925819041958532,20600.45083108092,727.6415633312914
PASTEUR - MONTPARNASSE,0.32499587706756616,0.7865166585319978,21.03830757216425,36.41566522620797,3.7220614837195174,59.862273290072515,6.36533134379676,1591.532271301237,0.16004639787649122,20.311323849921436,10.627578790050983,15.769854578393431,2.168491297765399,2.238654435781012,1.2970070873013815,2.8169587949842883,2.193687406450712,1.3806781162099007,5.704152820847793,6.3913243176449015,21192.11107593276,741.0568264850046
GRANGE AUX BELLES - TERRAGE,0.39834274336953107,0.9274858894111743,17.59352373639474,48.796684763377144,2.819133622402395,48.38418161422046,5.768915783430692,1558.6934696883945,0.165356329945173,16.78777167113779,8.292030310983607,13.989954357559583,1.6866150250394085,2.1525823957408656,1.4966740395259925,2.6268194333360624,2.1525823957408656,1.9486343878211252,5.335871460306268,6.7280362168980545,26569.152999607373,707.1932754193597
BIBLIOTHEQUE - SEINE,0.4332598189669789,1.0162938132942116,23.108565586334173,35.35237977530685,17.314392861390154,47.333227363303,5.543780775863923,1648.0240566642256,0.18297804934958214,9.941283665059396,9.645315321404944,14.328179366121475,2.0075476574844595,1.6051915970330963,1.277112809697039,2.5237277256357067,1.5937191319456734,1.449691840273951,4.889852064214595,5.56713869785533,21692.65818526997,649.9345610669341
SENTIER - ARTS ET METIERS,0.1872649092653988,1.4235387628574827,18.898307131338974,21.74829281214764,1.1373390181023888,77.11436816974995,6.5484823711487214,1594.8968318915527,0.1515529273600642,35.07580783959938,11.294181028548909,18.98176696615651,2.180136220334856,2.0650603454155725,1.8529766278891309,2.9589642952371835,1.9686661858887902,1.8591204799451715,6.098173193639559,6.786750961071145,12625.234226986913,543.4686397769144
CHATEAU D'EAU - LANCRY,0.21655548670294675,1.0338015790762431,17.363858563967128,24.74414060558738,2.606935832211897,72.64892356220072,6.4857037257495165,1595.1427610268372,0.15140420636933946,32.618987355616596,11.683027093619424,18.109434165652626,2.482656238794698,2.3195764284133804,1.9289788337621574,2.940379780190919,2.312897155895831,1.9757599872402618,6.731211500970235,7.229036923327012,15548.473562983907,527.9065707500919
CROULEBARBE,0.4414759978896263,0.7692291395365922,16.612537880364336,54.118611389394104,2.518433108815372,43.36295550179054,6.033541747282868,1559.1610792640863,0.16902463327649475,12.08607930382111,7.740850789032683,12.599519423423125,1.5771869474321383,2.501022461744166,1.1746549158599204,2.5121099325057576,2.4563238465877477,1.4946219198806807,5.252864325036224,6.463055698974186,25166.140284873632,963.5123812842146
EPINETTES - BESSIERES,0.6011494327409435,0.4899745451009034,12.80561603920307,58.04789803189566,12.327197406331798,29.624904561772542,5.090657586677068,1631.4185024660192,0.18226221738753426,16.770875687210015,6.509752862010376,7.833934710980277,1.4372349372460227,2.2163442814527325,1.746618573141895,1.4051074360224898,2.054375805168852,1.743267506766594,5.40019779184065,5.202750747957936,41027.382676505775,986.0683623009446
SAINT - PLACIDE,0.29894191908680373,1.1982896694830976,16.75883844631526,34.51796558196333,0.659259886593769,64.8227745314429,6.373030056240613,1592.3873302111983,0.15554024889336876,20.384649471944865,10.09750804019816,17.386377806541944,2.0485913925479657,2.9312668164559406,1.6849918527199659,2.9366637116085172,2.890768935118925,1.6849918527199659,6.664850061723873,7.512424499447408,21680.494616241747,765.9124507952259
SAINT - THOMAS D'AQUIN,0.34241459882705566,1.0060429557606598,16.76837190689862,43.07722043661448,1.2827474615310712,55.640032101854445,6.364825161754384,1575.6988626351297,0.15699550987595293,20.072178410829586,8.468942725623497,15.030490442462478,1.6713714962835358,2.655528278053009,1.6604247176214764,2.664859916018251,2.3673674925144317,1.7314909030474848,5.987324491958021,6.763718311580169,28323.62573682189,929.1158908196636
GAMBETTA,0.4400929566604802,0.774121684881224,15.104520824796992,53.33565122755709,3.924657251609431,42.7396915208335,6.083778236962587,1577.5590619163645,0.1668773425982103,15.847064927132571,7.661181927911365,11.606639794225963,1.5007022027530759,2.2758477821383547,1.3699213816441724,2.1642373122164815,2.1816895643902674,1.5852261415820994,5.146471366535603,5.931153018188848,23432.94505418667,671.4134959246111
SAINT - LAMBERT,0.39038181051863663,1.0221883634441107,16.296932894160943,44.98296205765795,0.2701024472850957,54.74693549505696,6.317573749708869,1582.4800762359796,0.15704343373209897,13.974923700814182,9.376461966038974,15.20807687721776,1.9309896973637009,2.445337014290624,1.2890054413908727,2.820671813802682,2.430872354525965,1.371764865993196,5.665332153045198,6.623309034321842,13894.180303976253,496.5089886090059
BOIS DE BOULOGNE,0.5377524323198968,1.1639827010223902,14.80571954712176,92.26054982258464,5.445354228051228,2.294095949364138,6.138671748809946,1427.925123208885,0.1727736713078542,4.48332395227413,0.2920266238289614,3.864914361691569,-0.33293497837520214,1.0321032366918672,1.0006886651016305,0.6580191572355613,1.0346776269771267,1.0006886651016305,1.6998569234182956,2.693385449314319,122102.30753664344,2130.7209789637745
NATION - PICPUS,0.42349758159543216,0.5269343896669763,14.34545576151362,48.72909944875022,1.4727567637640817,49.79814378748568,6.061527199963573,1588.0574433618674,0.16567004857840675,19.803427676401952,8.704378705083773,12.606109067531259,1.847121576450843,2.5541660916951923,1.1548124475619375,2.462819676112737,2.5541660916951923,1.2361278302714145,5.556100115707973,6.253113598079344,58791.54181305306,1444.3597169821667
PLAINE LAGNY,0.46641495908518077,0.6330981798213203,14.250067317821436,55.166793172833586,3.794811750427961,41.03839507673845,5.889394052799824,1564.7277439598688,0.17459032436944327,14.134376805408243,7.608210344738223,11.414964768817118,1.6568771271868434,2.3790091774363127,1.3263740022431278,2.2255268048027235,2.3793919648862816,1.5718099350565957,5.362260306866284,6.176728704745601,16722.74461134094,630.9724684269482
DIDOT - PORTE DE VANVES,0.4859398141135783,0.6951772867509841,17.06744383818287,55.18963508034089,4.143448238414906,40.66691668124419,5.910772914942753,1564.0935573370725,0.17222091474741227,12.31075383214774,8.122359892701548,12.001000878632,1.6983838997581076,2.368808890961336,1.3137713920751366,2.4739594239424227,2.3329912409195597,1.7691866978195072,5.38096418279458,6.576137362681491,22509.75722918369,810.3940666381591
BUTTES AUX CAILLES - DAVIEL - BOUSSINGAULT,0.41680311914490303,0.9163683453674486,18.000953873439386,48.513413281066875,2.6800088061831255,48.806577912749994,6.033643190615022,1597.2823882945931,0.16547723621501093,9.483369172296868,9.038212876502957,14.240431629928029,1.88776845604674,2.7688546890998027,1.36796708189057,2.7875020925474656,2.8897160668303044,1.750201919586831,6.0245902270371126,7.4274200789646,15883.808899519992,588.5846947902987
CHAILLOT,0.3150602117885058,1.0184096919937529,18.85326223491541,39.50579852602929,2.300148314368185,58.19405315960252,6.374728780173073,1578.4590656179976,0.15712240837000943,20.97729972486736,9.217127207191007,15.953803162243736,1.8683455319614515,2.5675551260774045,1.8464477360701053,2.736842880652915,2.274114566534853,1.864632778424442,6.282348394108962,6.87559022561221,19781.895497435416,725.7462706732176
MARAIS - ARCHIVES,0.24804722022367537,1.5068421352833026,17.151828196762743,28.22662423054825,0.9116088251476774,70.86176694430408,6.347796040359476,1600.0000000000002,0.1553271385874184,19.997400100165642,10.752564979408966,18.829435840172746,2.0570164143442597,2.695567540143872,1.9750531615436093,3.0,2.3863051252162295,1.9750531615436093,6.727637116031741,7.361358286759839,14796.579597986432,495.2518323640233
OPERA - CHAUSSEE D'ANTIN,0.17590811055073255,1.4556758137250907,22.35394001123744,23.316317117136734,1.1787788748245784,75.50490400803866,6.499241731586416,1598.0490604757094,0.1527457590318321,52.30386750126492,11.408509534832575,19.377823509092998,2.3244079746092923,1.8739264327301486,1.780524279188581,2.9999999999999996,1.6701092843254997,1.8538166108270486,5.978858686528022,6.523925895152549,13125.115813781715,492.9714449918757
OLYMPIADES - CHOISY,0.5148783133125381,0.6564221169633008,22.426571221727382,48.934700908232536,13.316260990073745,37.74903810169373,5.720663903542279,1530.450216792497,0.18638675046870995,12.028407324725475,8.23893678683005,11.321801815659295,1.663901380116692,2.0350584003961196,1.399777019937262,2.3360521020905294,2.0350584003961196,1.5931554039990172,5.098736800450074,5.964265906485666,39340.733623750115,1039.1490223515464
SORBONNE,0.3054340685405429,1.1794828270296023,17.50408434702759,35.44348132833139,1.4810434277733158,63.07547524389529,6.510576636807347,1587.1328915964775,0.15556367519020087,12.995064555272569,9.890524749038809,16.690067620764736,1.8866085270800903,2.4971392905728758,1.8582871345422067,2.808672597656689,2.360555511590815,1.8582871345422067,6.242034952195173,7.02751524378971,12884.86434709905,427.4205036597118
LA CHAPELLE - MARX DORMOY,0.49350615686030247,0.48129006438679584,11.968812588111959,38.80722451617605,16.112948777134925,45.07982670668904,5.472397800426438,1650.7939681322214,0.17334316180102383,12.668363563761002,10.163760369345852,11.87295739977713,2.064348104592549,1.8760806540611603,1.5351070994344558,2.2104329437020276,1.86971982274664,1.6597561196090562,5.475535858088165,5.739908886057724,27635.995971986147,809.1696069325649
ELYSEES - MADELEINE,0.3232438556930282,1.0297979846539287,17.226270736705196,43.00620842468888,1.4162778086348526,55.57751376667626,6.370141896720346,1551.2436906580194,0.1614227642089326,36.27787686993357,8.220808115367621,14.399074396982806,1.5627015088533478,2.187762382925078,1.7344188421348392,2.50318556950555,1.8021557308003482,1.7344188421348392,5.484882733913265,6.039760142440737,21717.77650573776,705.7064768022976
DANUBE,0.4884178554594526,0.7081483692081185,13.861719746087726,59.96805336235283,3.53209595001442,36.49985068763275,6.047298763122964,1561.89043354478,0.16856692935979653,10.311290064861641,6.537702826826096,11.146559493775111,1.278364316029122,2.23944091882538,1.1927306258931953,2.0860472702885122,2.1715986142932526,1.6765209407172903,4.710535860747697,5.934166825299056,16698.834726066365,610.7588033775872
FLANDRE - AUBERVILLIERS,0.4075233849092182,0.9426930309026912,20.136313229637093,49.624935860480875,2.046301648027897,48.32876249149124,5.97577062943272,1595.2644108850964,0.1734736197904529,14.259427495096459,8.532700719348984,14.44231214118401,1.7802986991598353,2.0947762810267716,1.3919672727977739,2.8148079477205434,2.0947762810267716,1.9412583402560453,5.26704225298438,6.85084256900336,27867.057668667796,700.8617002397741
SAINT - VICTOR,0.360019761405947,1.1131946914105824,20.592956251298745,46.07266637492462,1.3253652280588333,52.601968397016556,6.2436442718306715,1574.6501983539088,0.16078347587385558,22.83579120140983,8.474564302289258,15.442746074195448,1.846750279572614,2.428993611572265,1.6769215487968647,2.743835088742455,2.3181216466207104,1.6769215487968647,5.952665439941744,6.73887828416003,30981.393261239922,797.2773959001998
ALIGRE - GARE DE LYON,0.32529487807044044,0.7313290963700806,18.518953974165374,34.13390662686448,7.170222775548788,58.69587059758676,6.290316966931496,1597.0055586589774,0.16183665995241073,24.037052038825028,10.483333334144184,15.971840419072608,2.1319516819731033,2.415427631379549,1.4521968175999085,2.761537691813407,2.354910705269166,1.7290763735729624,5.99957613095256,6.845524770655535,19799.60734469618,644.908530041432
ALLERAY - PROCESSION,0.3484613506873397,1.102331376333361,20.125512735690343,43.99422123702524,1.3769487130521898,54.62883004992257,6.100102421013544,1586.7914776606708,0.16532953035672526,15.835286828813983,9.33078872846627,16.00530577548656,1.9316788328869978,2.4923495965103877,1.4382006893683648,2.9131222376893535,2.4492186271551692,1.7030991514518123,5.86222911876575,7.065440016296336,14096.883635090282,523.6260751224399
AUTEUIL NORD,0.41563493976369753,0.8436893841799492,18.60383315660834,49.9401168991572,3.413435699110723,46.64644740173207,6.346044064326377,1582.8640234960749,0.1552431934012879,6.414865959373623,8.484919598738797,13.578665721538876,1.788167661237489,2.5567890144947034,1.7775325684633652,2.52790389212767,2.517016583118388,1.830942519359188,6.122489244195558,6.875862994605247,19027.39870058502,759.1848649415228
VAUGIRARD - PARC DES EXPOSITIONS,0.4962927489570854,0.6950968248270566,14.02406614722861,50.55388289218097,6.385081077760544,43.061036030058474,5.691614319023913,1565.3307966790035,0.17992120437859585,11.498394293544038,7.695522983392946,11.265898587339525,1.6470756268851616,1.8871829982296493,1.2540075858650084,1.9965088379849185,1.8871829982296493,1.3849548999159202,4.788266210979819,5.2686467361304885,36408.40485581098,1009.472723722879
BEL - AIR SUD,0.45193527249060206,1.2403708207470667,17.180393332279877,88.18635810494159,3.5595901492068887,8.254051745851545,6.621577309120788,1448.1132835318615,0.1647396482123208,4.357907363707316,0.7429523268282319,5.306822020211175,-0.36030083042653954,1.2732655523465222,1.0084939291943857,1.118256571340121,1.250732240029399,1.027158377345252,1.9214586511143683,3.396147188714772,73380.72765665171,1576.3428704879993
LOUVRE - OPERA,0.35016260442106184,1.1338662028151194,16.878261406212047,42.52109117571804,2.769657493211179,54.70925133107079,6.225746171340105,1552.2695118129302,0.1634873219350318,32.69123758207283,8.057381930663485,14.31896052046351,1.3750707454696625,1.9165468450519425,1.5643220987851907,2.4366367492166394,1.7026914706373049,1.586889248616824,4.855939689306796,5.726217468470769,78567.7692303997,1241.8695683271953
VALLEE DE FECAMP,0.5665995250744296,1.002582648545442,13.420972657418977,90.37245520759619,3.7793021885461666,5.848242603857649,6.237747997301758,1425.6891135547012,0.1759538800085406,3.2576679803741695,1.0148620604204281,4.274376850713672,-0.044805815332712384,1.2063825734178955,1.0323352491718774,0.7512613620715973,1.1797382172880373,1.0665051993933297,2.1939120072570604,2.9975047787529645,113774.39652573683,1848.894863176454
SALPETRIERE - AUSTERLITZ,0.4358918081369342,0.67393396609968,16.674291020838638,43.61308431544656,9.940766622438252,46.44614906211519,5.702228670090937,1617.3465583387306,0.17636001725926118,14.215612507730368,8.70154462328198,12.733541625129668,1.7839591722902526,2.1541751284029713,1.2231999852387083,2.459248931938345,2.15114344118262,1.6063828964910103,5.161334285931932,6.216775269611976,16316.495586699382,632.6577024138583
NATIONALE - DEUX MOULINS,0.4399486092366797,0.7817714060599256,18.701594097120967,56.29204763864062,4.317761694841808,39.39019066651758,5.742208732787102,1542.2449640425673,0.17747108323633368,15.310264746926041,6.9413301343267815,12.154228461349133,1.5069151612196292,2.3941194026872137,1.2579519403820463,2.4107034942189203,2.3818566720378818,1.7886377636616333,5.15898650428889,6.581197929918435,23698.784557147064,760.4572136766192
NATION - ALEXANDRE DUMAS,0.33086099420265835,0.8208076837064113,17.6535812040187,38.24066897885396,2.9604862017040032,58.79884481944204,6.221155578116786,1595.1281486249527,0.15965559039935173,25.252724005628174,10.188360560163982,15.664630377957302,2.0240931186953235,2.754373388356612,1.865574830550009,2.8961490759557043,2.7580991343723644,1.865574830550009,6.644041337601945,7.5198230408780775,29637.896419606972,838.0500185549131
BELLEVILLE - SAINT-MAUR,0.27043484542067275,0.8586195592206824,16.1513153971556,31.82415021654139,2.727023422482845,65.44882636097576,6.443024350107391,1598.7763648002656,0.15252912728756812,21.15072657906707,10.762532875580566,16.901577187268533,2.0359532679909025,2.2952916177345974,1.9882988623738016,2.9589163123615414,2.2952916177345974,2.007572312606527,6.319543748099301,7.261780242702667,25259.35787392813,657.9967943616782
TEMPLE - ENFANTS ROUGES,0.2169161626550587,1.433003444625205,17.336072509496425,25.5681018766552,1.39081069716838,73.04108742617642,6.413867614971064,1589.5100518607494,0.15358089813087022,29.934049970129927,10.923640910846345,18.857915751107342,2.1523021301265515,2.3787569989880035,1.877499224006307,2.901306644969381,2.3675229448600086,1.9483409722195133,6.408558353120862,7.217170562048903,10626.905486835327,433.82538209595697
MARAIS - PLACE DES VOSGES,0.28531398955072695,1.0638530312962338,15.522933808389242,32.76371341358545,0.9963448902747206,66.23994169613982,6.403435563052415,1587.722261595467,0.15432182405714634,12.958734374728861,10.850748203750394,17.22754335189981,2.2713989557833036,2.7674750326843864,1.830737084327808,2.8619658933779943,2.548905256021788,1.9099493000048158,6.869611072795498,7.320820449404597,13893.116081372931,495.2399711309598
AMIRAUX - SIMPLON - POISSONNIERS,0.37141912497664475,0.6139761265641859,17.36923143690045,42.78294914819813,2.9549878206338294,54.26206303116804,6.206239857231279,1603.2854362763887,0.15946425286102295,8.438327182296115,10.132914801447114,13.871171035394365,1.9360356086926167,2.259225152110921,1.7870151764119084,2.5828710203195557,2.214732939835333,1.9809827050850957,5.982275937215446,6.778586665239984,32814.45325604117,835.6609312697681
PIGALLE - MARTYRS,0.2604650261136281,1.4320481470984057,17.49839112407076,28.48199230113776,1.1049373471140589,70.41307035174817,6.5087973324760435,1599.5601333761977,0.15030790663666152,12.864171677555376,10.504219169922948,18.857325646049148,2.099842311359393,2.398806001840566,1.6557905957657697,2.9999999999999996,2.398806001840566,1.9036356272568173,6.154438908965729,7.302441629097383,13728.108452078588,514.5694685737506
CITROEN - BOUCICAUT,0.49753832272755794,0.7591094585896294,16.88930671537834,55.7144065573884,4.641475463122971,39.644117979488634,5.774150715013856,1564.2139228419396,0.17970188735426462,13.206051048116453,7.401922054340829,11.498674167486932,1.4713420366231502,1.7376956083008728,1.2363024260618536,2.2266065570207707,1.6945968622771646,1.3812492861902104,4.445340070985876,5.302452705488144,27678.86279781578,891.5025052314156
VIOLET - COMMERCE,0.3394145527772422,0.9900635101261901,17.15200588783077,41.56123396489279,3.0038420697310695,55.43492396537616,6.340374977860909,1594.5689398357495,0.15730290163649588,11.313428524576388,9.60574722181405,15.412082466477255,1.9470472210962344,2.7464857432405503,1.413838978728088,2.861847877270474,2.7464857432405503,1.4971323427380947,6.107371943064873,7.105465963249119,21286.264477056007,633.6641066406847
PLACE DES FETES,0.3850372786981514,0.9898829099831021,17.26458394987739,47.809103682000135,1.7079058206401734,50.48299049735968,5.925746987810831,1585.4649197423332,0.1700873702496224,8.510925286727318,9.215894445457344,14.972799058874575,1.8995149258927355,2.478689761804815,1.5120625250197437,2.7999666036807698,2.484721287685571,1.9154924026666158,5.890267212717296,7.200180294032956,15822.805111239084,552.6779728083287
ODEON,0.3769384296718717,1.039366236439661,15.80977787423151,62.0065596345065,1.482373815483327,36.51106655001017,5.8463274408894375,1495.9212693932486,0.18019453513928393,12.416322143489243,5.2188397517246585,10.955491840967454,0.6621622418652968,2.3051472295337376,1.447406930509269,2.008947622247585,2.1449253943326116,1.447406930509269,4.4147164019083025,5.6012799470894645,109235.82600468199,1540.4777444106187
MASSENA - JEANNE D'ARC,0.4466809257729513,0.7869662325971498,16.542262560781353,50.98284780974869,4.413238421588864,44.60391376866243,5.84283896628123,1578.5257843826173,0.17336616096931878,9.220132436910115,8.049266963821188,13.091918462921475,1.7844384697887554,2.5445371755668105,1.4387929334153038,2.446600968144762,2.519774118924083,1.7566586119731817,5.76776857877087,6.723033699042027,21824.78288403276,638.4358169102711
JARDIN DE REUILLY,0.44919951093049154,0.7182327698126852,16.504791569860345,44.799443712358524,8.181210092595215,47.01934619504625,5.820230472964338,1616.4785257147962,0.1733092110233198,13.504856494933893,9.41937422697447,13.145814951060274,1.9934382401034658,2.2396245890064765,1.2194195642019756,2.421178975244252,2.264655937251112,1.370019558144346,5.452482393311918,6.05585447063971,18177.85162629174,760.5796961923311
SAINT - VINCENT DE PAUL - LARIBOISIERE,0.26857596335618755,0.8071261107210288,17.64307630027585,30.974686979278143,2.5265805012920524,66.49873251942981,6.269586231978529,1593.0930968635246,0.15854540313456467,32.607991365652516,11.783880047765704,16.89426814071934,2.4452915039524217,2.0965605041565096,1.9308294943254896,2.7475225722269916,2.0931352730932513,1.9535121242897628,6.472681502434421,6.794169969610005,17263.213729075112,658.1506758182154
PLATEAU,0.4024222664742353,1.0826701490503585,15.73874187543314,68.33356702672636,1.4703450590912417,30.196087914182392,6.183253463046105,1514.2573964427202,0.16068154388226402,11.749000582211345,4.781258086648634,10.407209680919086,0.6430530957986316,1.8103473868318984,1.1559906648640053,2.0808249145614717,1.8103473868318984,1.4659895048642215,3.6093911474945357,5.357161806257592,20168.95278629837,770.0821835698481
MONTPARNASSE - RASPAIL,0.4812208388454597,0.6264267654507079,15.357215682778865,45.689506275966146,16.817244505919728,37.49324921811412,5.532535164069573,1647.899829671088,0.17387651468671386,21.05793604544884,8.547608981198032,10.91519796460878,1.8408250210919854,2.150199009821372,1.1549971738830294,2.08619976806222,2.143808386383176,1.2035464648167342,5.146021204796386,5.4335546192621305,62444.862952790616,1034.9423763498976
LA FOURCHE - GUY MOQUET,0.29291794732271376,1.1649376913548104,17.091438995713567,38.004538144051054,1.3214804540110552,60.67398140193788,6.511977169407816,1594.0666601690068,0.150380134172449,16.87694224821914,10.248568842935136,16.97326141436443,2.0376624687871168,2.4426401298763536,1.9703333008450346,2.9406666016900695,2.4326977036326207,1.9703333008450346,6.450635899508505,7.3436976061677255,17601.482741916,624.396537955568
CHARLES HERMITE - EVANGILE,0.5921241164949174,0.46212563459121525,12.904593078847855,37.95299320578303,30.582826727271122,31.464180066945843,4.289253097408692,1737.5629087673215,0.1953247702846631,15.411737195465784,9.892715158818998,9.761136915171356,2.0194981962954426,1.5900341490859575,1.3027929376110388,1.8611533859748244,1.5900341490859575,1.5987080701769996,4.912325282992438,5.049895605237781,30082.34607148478,1131.803966862951
JEAN MOULIN - PORTE D'ORLEANS,0.47475838724337943,0.613787279981321,15.035495081185413,43.68918023775918,11.077589315768078,45.23323044647274,5.428248846072411,1641.6516778489458,0.17337998703987983,15.94491137165316,9.367862200677283,12.581854945970713,1.8227425876380936,2.4629622262585036,1.2446182668271706,2.308529899947958,2.479654361128639,1.4417150833324257,5.530323080723767,6.229899344409023,23563.26189327587,640.6832578331365
INVALIDES,0.5217411602322388,0.6668133022738285,13.378727986079873,59.73260289248742,1.9785506844811496,38.288846423031416,5.853878149764429,1534.1286893534752,0.17795173615501456,17.25207036672667,7.165872547342919,10.66993755462818,1.4647781284108896,2.0434291539964913,1.572811220751496,2.088721925741021,1.78015659051048,1.572811220751496,5.081018503158877,5.441689737002997,24898.761212854275,925.0670803610064
LOUIS BLANC - AQUEDUC,0.361939642055317,0.836864237836098,17.606994741114956,38.5677250445021,4.3793786958193275,57.05289625967858,6.115607396035045,1610.9412634139644,0.15397827605907435,31.642846766473642,10.313636048531063,15.220698673627178,1.993888259946217,1.9687400049591863,1.7048070372699102,2.837120055133061,1.9687400049591863,1.863358720023699,5.667435302175314,6.669218780115946,18696.262945072373,610.3367039572054
NOTRE - DAME DES CHAMPS,0.32218133096013163,0.9411771730067893,17.917435801045123,43.79642402081015,0.4275091404708845,55.77606683871897,6.356093793228427,1570.183437364959,0.1582010423284583,12.498197686005929,8.447568301258539,15.302140230716065,1.7938625871189735,2.2476969626481784,1.7953488363221624,2.7023181062295176,2.2323991388683178,1.7953488363221624,5.8369083860893145,6.730066081419998,23672.000978879107,884.4581415383658
ITALIE - PEUPLIERS - RUNGIS,0.5472194449378414,0.5747431865528302,14.632543953409026,54.35247406157594,9.189301024129364,36.4582249142947,5.367836117142711,1578.4006558995277,0.18212390564342903,14.070329389461637,7.235870397897551,10.13653898096622,1.4454537981660625,2.045941301491773,1.3546437318349134,2.0598273362957835,2.045129540558861,1.592108166020981,4.846038831492749,5.697065042875625,29284.10409073068,796.5237297301026
TRIANGLE D'OR,0.27343993616462026,1.039748496668433,20.901618532151996,39.30913165093294,4.980231498684626,55.71063685038243,6.576807871383328,1556.720932880314,0.1563711324291902,30.87448575718538,9.302575086619413,15.12006822492,1.7459554239279025,2.117829799800345,1.6454894346307967,2.5810397621703998,1.6621289727038033,1.6454894346307967,5.509274658359044,5.888658169504999,19996.17468888011,651.5696200000436
MARTIN LUTHER KING,0.5799814068465646,0.3457979425243583,11.453569519577641,56.23168938402705,5.517021717407004,38.251288898565946,5.481853403706304,1528.4957511527841,0.1854122749689766,13.341314281005879,7.911396733510514,9.516475158337698,1.7455689470230564,1.5044708324494693,1.3151600462009172,1.7928509642502248,1.4234064747888495,1.3151600462009172,4.565199825673443,4.5314174852399915,31352.597211618133,985.5661784902982
BAS - BELLEVILLE,0.3795682318017154,0.8932675763750921,18.15884836102674,43.83345089513425,2.9572270295657246,53.20932207530002,6.136303688363867,1597.2088071621902,0.163088562655216,16.659294779371166,9.541637615976711,15.099235557289342,2.0105764043638006,2.2103002810355576,1.2959404559734267,2.814070553870852,2.2103002810355576,1.9757176099388296,5.516817141372783,7.000088444845239,24430.42671399798,681.8983060628304
BLANCHE - TRINITE,0.2409977555329697,1.4978352021217867,18.973124367428504,29.552333093826398,0.8505808449824417,69.59708606119116,6.508921370493502,1596.3295577909214,0.15069223145237198,22.449750719121454,10.369068267761474,19.016700131004367,2.0966968681383262,2.436489878826495,1.6222485810868388,2.9666649729711105,2.3608052559852495,1.8122409829967008,6.155435328051659,7.1397112119530615,17268.265395928625,548.4599380776044
RENNES,0.2676742391634287,1.301701808562663,20.40479130436058,34.53591153771602,1.6239450743533866e-06,65.46408683833889,6.5,1600.0,0.15,19.37891254863305,10.246122254548208,17.799174701559167,2.0317043272992006,2.924632876572279,1.889420867972821,3.0,2.771589783836583,1.889420867972821,6.845758071844301,7.661010651809403,16306.401583927516,500.5419168426511
MANIN - JAURES,0.507342979782763,0.47977126567073236,12.467671015561892,52.557366695192314,6.69981621322623,40.74281709158145,5.789147100677753,1548.5092799211843,0.17729969469290136,13.912494139806897,7.350784370169032,10.7895412893206,1.588753119450415,1.834775209142995,1.3655204607599059,2.2409814242377273,1.8083074432189798,1.648419224456393,4.789048789353316,5.697708091913102,27076.049560522857,867.1787136996845
MUETTE NORD,0.4041186941752683,0.8637328909262094,17.354014020065893,50.696170004903315,3.397563131945576,45.90626686315111,6.273988289023274,1577.1378686583737,0.1596709797290532,9.328055851139084,7.852321878629933,12.959018308760548,1.4732958220569357,2.3422290750343056,1.7258686440857915,2.425893565935134,2.2697420517778153,1.8382028316879888,5.541393541177031,6.533838449400937,21210.25911825034,755.4273078240055
PORTE DES LILAS,0.4969682099922433,0.5698264957377118,13.413610094061516,49.07720053520094,6.880183570913557,44.04261589388551,5.977209032705179,1552.6549700191401,0.17017745967688186,29.78013625924939,7.4038636492134025,10.7926492595363,1.4356403808238332,2.036733525516296,1.4615882836008196,1.976150462297989,2.036733525516296,1.7128782943050118,4.933962189940949,5.725762282119296,25809.171053038575,865.4748393666525
EMERIAU - ZOLA,0.35168282120361205,1.1131504549219167,18.92147444506943,38.60442372977262,5.039052375423276,56.3565238948041,5.8635448547343465,1596.8879265926548,0.16961697873933565,15.722371304461767,9.887885784920282,15.444778481140755,1.9617906122389546,2.1826011149877877,1.5260545498515703,2.6933373335776993,2.1491609905166342,1.6241441006692048,5.670446277078313,6.466642424763538,19576.435733864273,669.6072406920101
PORTE SAINT-DENIS - PARADIS,0.22606896455759448,1.108817730083112,16.847543813835998,24.893385886649,1.8630909022557778,73.24352321109522,6.485891573559552,1597.1783147119104,0.15070542132202236,28.17677204209806,11.743575855291555,18.49688125955219,2.2699644180462553,2.0726537745413203,1.9748105761257069,2.966894689559812,1.9844737436548483,1.9824209459049635,6.317428768713283,6.933789379119624,23747.07289856972,695.9426403234897
GEORGES BRASSENS,0.530010159418332,0.6566111966289327,15.073683931510706,57.75178133545681,5.7469375644627645,36.501281100080455,5.796474038016041,1559.2307017982366,0.1760780228892023,11.992556879948001,6.9287042981215885,10.32259754379167,1.4403928352152298,2.141474920530251,1.3101712492571385,2.062844687141675,2.2000025210649525,1.6490343370021456,4.892039005002619,5.911881545208773,25079.533031704897,840.6256068164346
MONTMARTRE,0.35175152641254614,0.9898567366337285,16.462223047808592,39.407506341331604,4.925728990246792,55.666764668421614,6.239052923041837,1588.851088262782,0.15785082678506604,10.892735562653662,9.24931165148142,15.460141723794944,1.8432488385196149,2.3027978334429475,1.5484794003986986,2.7036752546912597,2.1808941566842366,1.814274208026148,5.694526072361262,6.698843619401645,17824.668550464357,652.3594142837246
TELEGRAPHE - PELLEPORT - SAINT-FARGEAU,0.44766066372210833,0.7581297223752956,16.37294008799936,50.35725011737948,6.387356996720216,43.2553928859003,5.688397363342262,1605.4938228972896,0.1748253640028668,18.58521046504023,8.73796908229458,12.780284200971256,1.8893343457523053,2.3692633762553585,1.4562148165791484,2.5652351569388427,2.440279463101721,1.7568081272054776,5.714812538586812,6.762322747246042,34255.196343467,919.081579182629
SAINT - GERMAIN DES PRES,0.22590258043589795,1.060967902985066,19.808011294177675,27.653413297662485,0.8366799976583258,71.50990670467918,6.549449226760089,1597.5275386619955,0.1517307229366031,24.46928349628636,10.86951509994746,18.629026755229937,2.1866820209276057,2.887438218424891,1.999907470945799,2.9999999999999996,2.447184070036239,1.999907470945799,7.074027710298295,7.447091540982036,19309.375288677587,542.3157921140286
BEL - AIR NORD,0.44504065200678283,0.5402615755885353,17.55287083564303,49.58567434159184,4.145065877624793,46.26925978078335,5.953020219473935,1597.3861144132939,0.16880329051422174,19.236381460160825,8.783857512395125,12.445654135647109,1.8138682214934028,2.6026861788881352,1.303719631311357,2.4675279973172937,2.6564427791680623,1.4022274096995693,5.720274031692894,6.526198186184925,22268.1723231579,700.4745582319385
AUTEUIL SUD,0.4470353512108952,0.7599751942099067,17.68299781705877,48.71791317472164,9.435488865056161,41.846597960222205,5.689771633059175,1613.1907831227172,0.16938379930717368,15.452095203751387,8.161366280577756,12.853325443347009,1.670632860196065,2.165445008648859,1.5908496865780775,2.4460618763834203,2.100972048955442,1.7263078083586114,5.426927555423002,6.273341733697474,22807.970061362248,755.8235232470535
PONT DE FLANDRE,0.5416211332808425,0.5750496960748482,14.451727585376418,56.566589063774984,4.91380404632615,38.51960688989886,5.491222232249408,1561.827669045566,0.17673683372846438,10.958434786789175,7.3624407753566885,11.21088239585277,1.6939236596244953,1.9138662607792551,1.3375924561381143,2.2318797590935535,1.9051067544111238,1.4907192432803473,4.945382376541865,5.627705756785024,39780.89167630876,1135.3603299196573
SAINT - PHILIPPE DU ROULE,0.20533864909192825,1.2316840993508964,19.994519049723422,25.084024885273326,2.187568472143174,72.72840664258348,6.560240500371982,1595.1551348433413,0.15273158315995966,39.83063794782634,11.164494253294162,18.47492380861133,2.302255529786728,2.4333230978232083,1.9926686394477615,2.985337278895523,2.0398134195104327,1.9926686394477615,6.728247267057697,7.017819337853718,19219.05441359528,611.2017183355052
TERNES - MAILLOT,0.35188923505129943,0.8512157932857006,19.218661732734184,39.1300132595768,5.1083403005579395,55.761646439865274,6.185743238917774,1597.3047281719405,0.16047711075712973,25.58599075535751,10.302736035662296,15.747368284335769,2.049984562305707,2.481190195687511,1.5060450225483688,2.721681085476803,2.4135057683089465,1.5060450225483688,6.037219780541588,6.641231876334119,15622.662233214649,557.8776630524981
MONTSOURIS - DAREAU,0.5215570949920909,0.6149847434305022,12.756687324463085,61.82283339585318,3.9688622115869774,34.208304392559825,5.793608874650148,1553.204507074211,0.17738005052763497,11.256731772490252,5.6646683317920985,9.237176069900256,1.206628702009949,1.8727691440753191,1.1805145806748951,1.8924875127451062,1.8499039497182372,1.4672888083967273,4.259912426760163,5.20968027086007,22864.195640484468,767.215041218818
DUPLEIX - LA MOTTE PICQUET,0.3535921500662947,0.9380956944864705,18.123652584603796,41.1007525521619,4.05656625943694,54.84268118840117,6.135948181820359,1589.1152924632918,0.16555246971073045,11.593423325753683,9.664055519145723,15.16292824384835,1.9734434908028187,2.2507349428667007,1.229013157941072,2.691426490207144,2.2248824181685283,1.3058054402426564,5.453191591610591,6.222114348618329,17976.247464231597,604.9092836898719
LEON BLUM - FOLIE-REGNAULT,0.3490163411321465,0.8561262300471995,17.09589639683988,39.004682814367115,2.7122526841215913,58.283064501511305,6.062640105520531,1578.9890745061043,0.16597067821487693,17.210604267674633,10.072217760293166,15.103983702346705,1.9253615785012481,2.657446069655036,1.9034872269187852,2.631928276315864,2.657446069655036,1.9034872269187852,6.486294875075069,7.192861572889685,21393.08846501654,723.8656185671157
BASSIN DE LA VILLETTE,0.42894234991973557,0.6273992160054721,14.92668265423904,49.02373050986459,3.227063151002234,47.74920633913318,5.86520158410896,1568.208613893184,0.17515296738231773,16.379636882042213,8.227747210988031,13.482008169825017,1.834322882008358,2.104102134965487,1.5366712303642762,2.6621103023600465,2.0886531559764356,1.8163994126590088,5.475096247338121,6.567162870995491,23196.681358197042,809.8476629214655
COURCELLES - WAGRAM,0.2402454514942335,1.1029968679586528,19.68245009792137,30.39135992957094,1.0121866699771112,68.59645340045194,6.48714487956934,1596.0475118987158,0.1507695463269891,24.092512140011376,11.494906462362756,18.371470468129516,2.1943490525082443,2.8634583175632344,1.757610652473426,2.9701001885662914,2.8248530969832024,1.757610652473426,6.815418022544905,7.552563938022921,11820.550044852942,473.8436399117952
ROSA PARKS - MACDONALD,0.5497589697347844,0.5089301834876471,14.162218577820447,53.720325278451284,8.672593720887445,37.60708100066126,5.819504027264629,1561.0345180312768,0.18370930022431403,32.712577559923204,7.4457086477438805,10.628693260710532,1.7507531808242174,1.395502037177721,1.3209850165829966,2.0493840250661166,1.3737199425703046,1.3890287211666128,4.467240234584935,4.812132688803034,22462.32185740733,888.5661963668911
REUNION - PERE LACHAISE,0.4255661689603101,0.806150790124434,12.686834081002925,52.236372122833686,16.817321446445384,30.94630643072095,4.712548652065346,1664.319792540164,0.19213485994321133,5.622494017554098,6.605432785765288,9.873728226436508,1.4952546211408717,2.151298488927833,1.2997322232533102,2.0400545034940145,2.1889976837616434,1.509999788696395,4.946285333322015,5.739051975952052,214917.86014725937,1701.6174510317487
FAUBOURG DU TEMPLE - HOPITAL SAINT-LOUIS,0.3389208983832424,0.9162974373934519,14.652835211725833,39.491211984054985,1.0404400651693468,59.468347950775666,6.188483176115216,1596.855167061265,0.15615256617681458,14.666767592658086,9.531629937582759,15.397196260710839,1.9051679249603577,1.9256909322568319,1.7877703420666018,2.8145294718946676,1.848090844465591,1.9157476208103352,5.618629199283792,6.578367937170594,21234.051744119788,616.1502286724418
SAINT BLAISE,0.5431824814015092,0.5643211234078617,15.166649527081603,56.50112561891978,5.224709134847385,38.27416524623282,5.933667047092163,1552.8375094650016,0.17318955571812708,14.73319918447022,7.8433851288034875,10.657247259197689,1.7102134737751546,2.468261162267833,1.3355857431182605,1.9829884842640522,2.4748340523832177,1.7897415919829258,5.514060379161248,6.247564128630197,31415.865183805294,854.8171577431551
PEREIRE - MALESHERBES,0.35150675119394403,0.7394870966454135,19.46755645803715,42.61219842337667,2.433068786373512,54.954732790249835,6.230419343384707,1603.0795929108904,0.1585560330184618,24.45011861610636,10.574023407506704,15.26877013995811,2.0312672157329823,2.5985354105996854,1.8046215620283035,2.7759006671311157,2.5558992832455876,1.8166984510286286,6.43442418836097,7.148498401405332,17348.093402617982,702.0075896435343
REPUBLIQUE - SAINT-AMBROISE,0.2587241627697335,0.9318266897934407,16.713220126156088,31.269312448180187,3.195332705567016,65.5353548462528,6.47400490472042,1584.6793727646464,0.15416668780933152,29.249804318139173,10.954941612131583,16.888244609563646,2.092263527255678,2.3807924530735805,1.7819057657585249,2.832345474318821,2.3697279510676434,1.7819057657585249,6.254961746087783,6.983979191144989,23225.197143695303,677.7730165083785
PERNETY,0.3333381020429908,0.8842709217158783,17.091370342288652,40.068027796541486,1.7726816679281587,58.15929053553036,6.27568827836433,1585.316743956293,0.15921436056962693,8.246602592081414,9.908993993358749,15.736370147364953,1.946992513090619,2.588543778976289,1.5122331056607372,2.835325528419824,2.579304572490705,1.8016427434375608,6.047769397727645,7.216272844348089,11478.39407517427,490.8394650873382
EUROPE,0.25487730795439095,1.0359430202408446,18.692076085057757,26.6569986935214,4.1034172691031525,69.23958403737545,6.328251771430243,1608.77111549957,0.15440431678716296,31.667346315679936,11.672814634433077,17.898996100230494,2.0609604133676953,2.617100133752801,1.8771642035525773,2.9068308102882376,2.365730190321434,1.9372021694548067,6.555224750673073,7.209763170064479,13816.626490298406,563.9577119636001
GROS CAILLOU,0.4144616726834296,0.7481222829144865,17.407398656187446,49.58012874993994,4.733972864551534,45.68589838550853,6.039519852823844,1544.6577725991813,0.169431771149494,14.278894879974276,7.692742762560661,12.725527965297928,1.5513318784368078,2.184902265483185,1.6077758642526432,2.2741459485343287,2.107224871253032,1.6272925236280147,5.344010008172636,6.008663343415375,14710.571440501035,546.6895852482717
GRANDES CARRIERES - CLICHY,0.3681993926094938,1.082350000054531,16.604483522304413,45.007654029962964,6.539293582051268,48.45305238798576,5.745162984943197,1629.0763251088285,0.16704704320058392,15.743850319169088,9.078216666806188,14.351288128570783,1.8233857994154508,2.3040909974811927,1.3708421213921826,2.521639612494059,2.2715687744543502,1.6376069890678144,5.498318918288827,6.4308153760162226,32988.85084779389,764.6823381716922
MAIRIE,0.2540638847901342,1.3695440244373773,20.473817009711222,32.80646185055408,1.245431485238972,65.94810666420697,6.47842305581078,1596.258486231284,0.1524601799430794,29.152806160453213,10.75517900577087,18.441551735881337,2.1484155466867927,2.4962426223130127,1.761656578498289,2.9119086628730906,2.3305539429057265,1.79324370712954,6.406314747498095,7.035706312908357,11592.756057299288,461.98027148689505
SEINE,0.36047827190979553,0.8864214800045828,17.597084992511093,39.70706435052206,5.00247744946592,55.29045820001202,6.221835658716063,1592.5927268762712,0.15810300137691327,28.139013386568426,9.201322396261665,15.762684528437509,1.867013722263378,2.3695112836696612,1.5528591487524022,2.7189151145516037,2.225925681036622,1.764124177783892,5.7893841546854405,6.708964973372118,13804.539643459433,474.93415146955846
MONNAIE,0.19761990064608384,1.1717080058155522,16.689143317607282,22.384158351493262,0.9733999130603357,76.6424417354464,6.4127866039846575,1601.1418629747482,0.15277930267583645,17.09885679907149,10.571386704696513,18.775947582948255,2.0958041412736588,2.959472815531778,1.996014955763132,2.994106026025807,2.7231087398688234,1.996014955763132,7.051291912568569,7.713229721657763,10468.293176770363,466.56481270779153
BASTILLE - POPINCOURT,0.2676576398651044,0.9532698293743446,15.854057227546722,29.88802564905523,4.48098806340055,65.63098628754422,6.446305654195709,1592.917140437276,0.15305072918149162,35.532876228286995,10.833200948428617,17.0401047626539,2.16975738541958,2.462653101555566,1.9351633116275817,2.8970515698532555,2.4486509862285444,1.9351633116275817,6.567573798602727,7.280865867709381,26067.975123680582,713.3893418393727
BELLEVILLE,0.39437011542322975,0.8723451783431194,16.110939779827433,47.52889306726665,2.70556581107377,49.765541121659574,6.1424189646783915,1579.9964966639277,0.1639275811335142,11.714072250554109,8.741541778128996,14.106697847746323,1.7434947336840547,2.186881855178143,1.4519735866945267,2.7236722901787402,2.169888390995418,1.9054823437779178,5.382350175556724,6.799043024952075,20703.491569666916,699.8332642237765
AMANDIERS - MENILMONTANT,0.39718054987506696,0.8757593375291365,15.169268753189767,48.61304347963857,2.229172680337928,49.157783840023505,6.19479442307647,1575.1173547978997,0.1633142057789471,12.322832479805454,8.73770487070914,13.851277569576162,1.7700962045474846,2.085733366105915,1.5683068490823635,2.749442261500722,2.1067796009811732,1.8612999382437934,5.424136419735763,6.717521800725691,14185.786878671175,573.4021546917785
BERCY,0.5110442165671021,0.704035836961513,13.570858120484948,51.19812484458389,9.816555504828044,38.98531965058808,5.453435179582273,1569.2548071339493,0.18885623997592985,15.035000221900098,6.853297000642406,10.87483969815496,1.2849302073038986,1.450055576178602,1.1923174674560006,2.1075162903513682,1.4042440647982062,1.3193152780970356,3.9273032509385013,4.83107563324661,34148.16234637479,916.2978331436472
ECOLE MILITAIRE,0.457838502753318,0.5989603723475234,13.945301548708336,48.57067312694752,3.661638200467079,47.76768867258539,6.096203353152919,1573.6807975328638,0.16846191094713192,13.109171656738358,8.762677544481074,11.964840768672401,1.8475670202648915,2.1303677574790543,1.3628480246419366,2.3263278905512124,1.977255755345047,1.3981443122695634,5.340782802385882,5.701727958165822,21137.37587462716,859.194962660958
MOSKOWA - PORTE MONTMARTRE - PORTE DE CLIGNANCOURT,0.5518968962711969,0.443721205556294,14.511983954517621,59.36529996438874,5.822139469192608,34.812560566418654,5.677989304234378,1561.8052044141095,0.1708470176211792,27.00344504583272,7.04031895124043,9.225323516008977,1.582921167374649,2.0924621164118102,1.3614854716013363,1.9546518438053944,2.085587878237613,1.780948751392365,5.036868755387795,5.821188473435372,36576.56402428419,877.8064692363133
BATIGNOLLES,0.2957775872808113,1.0533087340925684,16.20179768707812,35.83704827805517,0.5998574637115083,63.56309425823331,6.550882211559508,1587.7059279723792,0.1514582746845557,16.86095938396733,10.512881955961959,17.15784390196967,2.118731312345888,2.381214674401909,1.7806576890581285,2.8841498449839316,2.3081580830893986,1.7806576890581285,6.280603675805924,6.972965617131458,11912.22638747606,462.6471432399805
MONCEAU,0.3917610093521158,0.8117015944134021,16.916330655063582,49.104586450837836,1.6446867935647014,49.250726755597455,6.217651889022921,1545.2490539249309,0.1639025710338106,29.440406398060396,8.391181052052843,13.79223506474753,1.5590010039990232,2.4445976981538475,1.5659791065524018,2.367422041410605,1.953268957054415,1.5659791065524018,5.569577808705272,5.886670105017422,15294.78338950978,567.0580286108386
ANVERS - MONTHOLON,0.21888328405600452,1.542885407583309,20.339549602096685,28.992590309086047,1.840821939106545,69.16658775180741,6.450822216640734,1591.4239923506877,0.15221369359691156,30.24369696012959,10.854338757112767,19.14459146705571,2.0800239319366955,2.4499239991590396,1.862279134073887,2.938776730091565,2.4499239991590396,1.9009053040625792,6.392227065169623,7.2896060333131825,13184.62171396858,490.1492653910181
MOUTON - DUVERNET,0.32614018284345536,0.8370845759570964,16.18279532500005,38.535133773543215,2.502503685647907,58.96236254080888,6.404214513141277,1583.869193639704,0.15480953176479006,23.0824038743707,9.819775496462437,15.670876536533154,1.908174271004483,2.7694971561736255,1.5751227302572004,2.791911553862712,2.779878770073391,1.7123626728453418,6.252794157435309,7.284152996781446,16365.227496990665,583.4171641094167
VAL DE GRACE,0.36272543839395865,0.9521300813442687,17.74010909162762,42.92288789650258,2.411548296536511,54.66556380696091,6.261990009817832,1596.7288805303028,0.15769622178248788,19.886513020528714,9.315708425227054,15.388685191741043,1.9317506012675831,2.7805060659159104,1.84002202720372,2.7177395442272587,2.6217261524717337,1.84002202720372,6.552278694387214,7.179487723902713,25601.56511758423,805.9977549768528
DAUPHINE,0.4146843247226933,0.936365300308115,17.328127417635496,46.12075323875246,3.827126685916239,50.052120075331295,6.181955110457631,1589.0577010762527,0.1599808427742718,12.224456773707086,8.805002867332707,14.16164778128084,1.8048508424104528,2.349290009759188,1.7695168130977506,2.449539507204512,2.2607057507591772,1.8318817211854708,5.923657665267391,6.542126979149161,19737.59827406005,651.4330698911128
SECRETAN,0.4173447816068707,0.832887391975071,16.223832496943672,48.37820117595781,2.929151830590649,48.69264699345155,6.161330477637384,1585.4086827139608,0.16238526104024903,21.199819437846703,8.141709546940053,13.66132196641927,1.786685836286936,2.4061135844012496,1.3467361689945747,2.6776170420378502,2.4061135844012496,1.9381427829938676,5.53953558968276,7.021873409432969,29075.346807101298,990.0099442348337
JARDIN DES PLANTES,0.525683802013708,0.6467870867697786,12.375878125124782,57.93316145921519,2.0133148756412456,40.05352366514357,5.998373361552212,1532.401903383111,0.17484754414591103,14.4810412979259,7.069049340137314,10.63873530074996,1.7292216759355992,2.1611419516105634,1.5701548592265315,2.2098614214938888,2.1441088712926186,1.5701548592265315,5.460518486772694,5.92412515201304,73148.02957753677,1255.596128894017
CAMBRONNE - GARIBALDI,0.366298540490698,0.9108600649589416,16.797004281096193,41.436199979091754,3.256206383351448,55.307593637556785,6.293347245896028,1595.4853271456889,0.15698097509990372,22.769861448093785,9.615305534823918,15.212294046421777,2.0243168871052335,2.5234842283812613,1.4371546356444684,2.8602892631225605,2.308397162949868,1.7547115562262159,5.984955751130964,6.923397982298645,23315.19723450039,728.0192397193177
HALLES - BEAUBOURG - MONTORGUEIL,0.19999541353279013,1.6256326662784222,19.965169634809428,23.978762298580417,3.319743587545386,72.70149411387419,6.43028782975451,1588.0609895972634,0.15563493749326587,25.759080554296993,10.556667909638566,19.09693549117022,2.0647359856609757,2.146818376550809,1.743374278725764,2.8801150067045853,2.100035376589526,1.7957266729962926,5.954928640937549,6.775877056290404,8257.590591377364,377.9246155214875
