conseil_de_quartier,svf,aspecratio,hauteurmoy,perm√©able,voirie,bati,rugosite_t,admitance,albedo,fluchaleur,aleaj_note,alean_note,alea_j_cl,sensi_j_cl,incap_j_cl,alea_n_cl,sensi_n_cl,incap_n_cl,vulnj_note,vulnn_note,st_areasha,st_lengths
TRIANGLE D'OR,0.27343993616462464,1.0397484966684263,20.90161853215191,39.30913165093341,4.980231498684611,55.71063685038197,6.576807871383321,1556.7209328803128,0.1563711324291905,30.874485757185283,9.302575086619342,15.120068224919892,1.7459554239278827,2.1178297998003353,1.6454894346307907,2.581039762170387,1.6621289727037973,1.6454894346307907,5.509274658359009,5.888658169504976,19996.17468888203,651.5696200000633
MARTIN LUTHER KING,0.5799814068465627,0.3457979425243625,11.453569519577762,56.23168938402753,5.517021717406398,38.25128889856607,5.481853403706338,1528.4957511527787,0.18541227496897633,13.341314281005822,7.911396733510491,9.516475158337727,1.745568947023056,1.5044708324494747,1.3151600462009212,1.7928509642502288,1.4234064747888544,1.3151600462009212,4.565199825673452,4.531417485240004,31352.597211618366,985.5661784903036
BAS - BELLEVILLE,0.3795682318017155,0.8932675763750925,18.15884836102674,43.83345089513427,2.9572270295657264,53.209322075300015,6.136303688363867,1597.2088071621897,0.16308856265521604,16.659294779371162,9.54163761597671,15.099235557289337,2.0105764043638,2.210300281035557,1.2959404559734262,2.8140705538708524,2.210300281035557,1.9757176099388296,5.516817141372783,7.000088444845238,24430.426713997993,681.8983060628308
BLANCHE - TRINITE,0.2409977555329697,1.497835202121787,18.973124367428504,29.552333093826398,0.8505808449824417,69.59708606119116,6.508921370493502,1596.3295577909214,0.15069223145237198,22.449750719121454,10.369068267761474,19.016700131004367,2.0966968681383262,2.436489878826495,1.6222485810868388,2.9666649729711105,2.3608052559852495,1.8122409829967008,6.155435328051659,7.1397112119530615,17268.265395928625,548.4599380776044
RENNES,0.2676742391634287,1.301701808562663,20.40479130436058,34.53591153771602,1.6239450743533866e-06,65.4640868383389,6.5,1600.0,0.15,19.37891254863305,10.246122254548208,17.799174701559167,2.0317043272992006,2.924632876572279,1.889420867972821,3.0,2.771589783836583,1.889420867972821,6.845758071844301,7.661010651809403,16306.401583927516,500.5419168426511
MANIN - JAURES,0.5073429797827632,0.47977126567073136,12.467671015561866,52.5573666951923,6.699816213226239,40.74281709158148,5.789147100677752,1548.5092799211848,0.1772996946929015,13.912494139806878,7.350784370169036,10.789541289320589,1.5887531194504168,1.8347752091429939,1.3655204607599076,2.2409814242377246,1.8083074432189785,1.6484192244563922,4.789048789353318,5.697708091913095,27076.04956052292,867.1787136996861
DAUPHINE,0.4146843247226974,0.9363653003081088,17.328127417635365,46.120753238752705,3.827126685916318,50.052120075330954,6.181955110457625,1589.0577010762513,0.15998084277427205,12.224456773707116,8.805002867332657,14.16164778128074,1.8048508424104468,2.349290009759178,1.7695168130977448,2.4495395072045016,2.260705750759167,1.8318817211854643,5.923657665267369,6.542126979149133,19737.598274060118,651.4330698911152
SECRETAN,0.41734478160687094,0.8328873919750688,16.223832496943665,48.37820117595772,2.9291518305906545,48.69264699345162,6.16133047763738,1585.4086827139613,0.16238526104024903,21.19981943784671,8.141709546940067,13.661321966419283,1.7866858362869409,2.4061135844012522,1.3467361689945754,2.6776170420378533,2.4061135844012522,1.9381427829938689,5.539535589682769,7.021873409432974,29075.346807101338,990.009944234835
JARDIN DES PLANTES,0.5256838020136843,0.646787086769804,12.375878125125372,57.93316145921291,2.0133148756413606,40.05352366514572,5.998373361552243,1532.4019033831191,0.17484754414590942,14.481041297925799,7.069049340137695,10.638735300750566,1.7292216759356434,2.161141951610637,1.5701548592265675,2.2098614214939656,2.144108871292691,1.5701548592265675,5.460518486772848,5.924125152013224,73148.02957752903,1255.596128893946
CROULEBARBE,0.44147599788962566,0.7692291395365922,16.61253788036435,54.11861138939402,2.5184331088153757,43.362955501790616,6.033541747282868,1559.1610792640863,0.1690246332764947,12.086079303821114,7.740850789032695,12.599519423423144,1.57718694743214,2.501022461744169,1.1746549158599207,2.5121099325057603,2.4563238465877504,1.4946219198806816,5.25286432503623,6.463055698974191,25166.140284873676,963.5123812842157
EPINETTES - BESSIERES,0.6011494327409453,0.4899745451009001,12.805616039202997,58.0478980318954,12.327197406332198,29.624904561772425,5.090657586677045,1631.4185024660228,0.18226221738753456,16.770875687210005,6.509752862010389,7.833934710980258,1.4372349372460236,2.2163442814527263,1.74661857314189,1.405107436022488,2.0543758051688457,1.7432675067665888,5.40019779184064,5.202750747957923,41027.38267650563,986.0683623009423
SAINT - PLACIDE,0.29894191908680373,1.1982896694830976,16.75883844631526,34.51796558196333,0.659259886593769,64.8227745314429,6.373030056240613,1592.3873302111983,0.15554024889336876,20.384649471944865,10.09750804019816,17.386377806541944,2.0485913925479657,2.9312668164559406,1.6849918527199659,2.9366637116085172,2.890768935118925,1.6849918527199659,6.664850061723873,7.512424499447408,21680.494616241747,765.9124507952259
SAINT - THOMAS D'AQUIN,0.3424145988270464,1.0060429557606725,16.76837190689885,43.07722043661368,1.2827474615310892,55.64003210185522,6.364825161754384,1575.698862635129,0.156995509875953,20.07217841082959,8.468942725623545,15.030490442462646,1.6713714962835455,2.655528278053032,1.6604247176214857,2.6648599160182744,2.367367492514451,1.731490903047495,5.987324491958063,6.763718311580222,28323.625736822276,929.115890819674
GAMBETTA,0.4400929566604798,0.7741216848812239,15.104520824797014,53.33565122755658,3.9246572516094633,42.73969152083396,6.083778236962589,1577.559061916365,0.1668773425982101,15.847064927132756,7.66118192791146,11.60663979422604,1.5007022027531038,2.275847782138365,1.3699213816441767,2.1642373122164953,2.1816895643902767,1.5852261415821056,5.146471366535645,5.931153018188878,23432.9450541857,671.4134959246078
SAINT - LAMBERT,0.39038181051863663,1.0221883634441107,16.296932894160943,44.98296205765795,0.2701024472850957,54.74693549505696,6.317573749708869,1582.4800762359796,0.15704343373209897,13.974923700814182,9.376461966038974,15.20807687721776,1.9309896973637009,2.445337014290624,1.2890054413908727,2.820671813802682,2.430872354525965,1.371764865993196,5.665332153045198,6.623309034321842,13894.180303976253,496.5089886090059
BOIS DE BOULOGNE,0.5377524323198966,1.1639827010223922,14.805719547121772,92.26054982258468,5.445354228051209,2.29409594936412,6.138671748809951,1427.9251232088857,0.1727736713078541,4.483323952274093,0.2920266238289631,3.86491436169157,-0.33293497837520125,1.0321032366918645,1.0006886651016316,0.658019157235561,1.0346776269771238,1.0006886651016316,1.699856923418295,2.693385449314316,122102.30753664358,2130.720978963776
NATION - PICPUS,0.42349758159543216,0.5269343896669765,14.345455761513621,48.729099448750205,1.472756763764091,49.7981437874857,6.061527199963574,1588.0574433618679,0.16567004857840675,19.80342767640196,8.704378705083775,12.606109067531262,1.8471215764508437,2.554166091695193,1.1548124475619375,2.4628196761127383,2.554166091695193,1.2361278302714147,5.556100115707974,6.253113598079345,58791.54181305309,1444.3597169821674
PLAINE LAGNY,0.4664149590851779,0.6330981798213204,14.250067317821586,55.16679317283335,3.794811750427937,41.03839507673872,5.889394052799826,1564.7277439598683,0.17459032436944347,14.134376805408404,7.60821034473828,11.414964768817184,1.6568771271868468,2.379009177436303,1.326374002243129,2.225526804802731,2.3793919648862722,1.5718099350565948,5.362260306866278,6.176728704745598,16722.74461134102,630.9724684269479
DIDOT - PORTE DE VANVES,0.48593981411357834,0.6951772867509839,17.067443838182854,55.18963508034087,4.1434482384149245,40.666916681244224,5.910772914942754,1564.0935573370725,0.1722209147474123,12.310753832147746,8.122359892701551,12.001000878632002,1.698383899758107,2.368808890961335,1.3137713920751355,2.4739594239424245,2.332991240919559,1.769186697819507,5.380964182794578,6.576137362681491,22509.757229183728,810.39406663816
BUTTES AUX CAILLES - DAVIEL - BOUSSINGAULT,0.41680311914490475,0.9163683453674468,18.000953873439354,48.51341328106696,2.680008806183123,48.80657791274994,6.033643190615021,1597.2823882945927,0.16547723621501104,9.483369172296891,9.038212876502948,14.24043162992801,1.8877684560467414,2.7688546890998,1.36796708189057,2.7875020925474634,2.8897160668303012,1.7502019195868304,6.0245902270371126,7.427420078964595,15883.808899519987,588.5846947902988
CHAILLOT,0.31506021178850585,1.0184096919937535,18.85326223491539,39.50579852602929,2.3001483143681805,58.19405315960256,6.374728780173074,1578.4590656179976,0.1571224083700095,20.977299724867333,9.217127207191009,15.953803162243739,1.868345531961452,2.5675551260774068,1.8464477360701064,2.736842880652916,2.274114566534855,1.8646327784244432,6.282348394108965,6.875590225612214,19781.89549743541,725.7462706732174
MARAIS - ARCHIVES,0.24804722022367565,1.5068421352833015,17.151828196762743,28.226624230548275,0.911608825147679,70.86176694430405,6.347796040359475,1600.0,0.15532713858741837,19.997400100165642,10.752564979408964,18.82943584017274,2.057016414344259,2.695567540143872,1.9750531615436089,3.0,2.386305125216229,1.9750531615436089,6.72763711603174,7.361358286759837,14796.579597986442,495.2518323640234
LA FOURCHE - GUY MOQUET,0.29291794732271365,1.16493769135481,17.091438995713563,38.00453814405104,1.3214804540110543,60.673981401937894,6.511977169407817,1594.0666601690068,0.150380134172449,16.87694224821914,10.24856884293514,16.97326141436443,2.0376624687871177,2.4426401298763536,1.9703333008450346,2.94066660169007,2.4326977036326207,1.9703333008450346,6.450635899508506,7.3436976061677255,17601.48274191599,624.3965379555677
CHARLES HERMITE - EVANGILE,0.5921241164949174,0.46212563459121514,12.904593078847853,37.95299320578304,30.582826727271126,31.46418006694584,4.289253097408692,1737.5629087673212,0.19532477028466308,15.411737195465786,9.892715158818998,9.761136915171356,2.0194981962954426,1.5900341490859575,1.3027929376110388,1.8611533859748244,1.5900341490859575,1.5987080701769998,4.912325282992439,5.049895605237781,30082.346071484797,1131.803966862952
JEAN MOULIN - PORTE D'ORLEANS,0.4747583872433797,0.6137872799813198,15.035495081185404,43.68918023775919,11.0775893157681,45.23323044647272,5.428248846072409,1641.6516778489458,0.1733799870398799,15.944911371653081,9.36786220067728,12.581854945970708,1.8227425876380932,2.4629622262585054,1.244618266827169,2.3085298999479567,2.479654361128641,1.441715083332425,5.530323080723769,6.229899344409022,23563.261893275885,640.683257833137
INVALIDES,0.5217411602322386,0.6668133022738287,13.378727986079877,59.73260289248741,1.97855068448115,38.28884642303143,5.85387814976443,1534.1286893534752,0.17795173615501456,17.25207036672667,7.16587254734292,10.669937554628182,1.4647781284108898,2.0434291539964917,1.572811220751496,2.0887219257410212,1.7801565905104806,1.572811220751496,5.0810185031588775,5.4416897370029975,24898.761212854282,925.0670803610067
LOUIS BLANC - AQUEDUC,0.36193964205531687,0.8368642378360961,17.606994741114967,38.56772504450206,4.379378695819358,57.05289625967859,6.115607396035046,1610.9412634139649,0.15397827605907435,31.64284676647371,10.313636048531073,15.220698673627178,1.9938882599462182,1.9687400049591863,1.7048070372699118,2.837120055133062,1.9687400049591863,1.8633587200236996,5.667435302175317,6.669218780115947,18696.26294507244,610.336703957208
NOTRE - DAME DES CHAMPS,0.32218133096013163,0.9411771730067893,17.917435801045126,43.79642402081015,0.4275091404708845,55.77606683871897,6.356093793228427,1570.183437364959,0.1582010423284583,12.498197686005929,8.447568301258539,15.302140230716065,1.7938625871189735,2.2476969626481784,1.7953488363221624,2.7023181062295176,2.2323991388683178,1.7953488363221624,5.8369083860893145,6.730066081419998,23672.000978879107,884.4581415383658
ITALIE - PEUPLIERS - RUNGIS,0.5472194449378406,0.5747431865528309,14.63254395340906,54.352474061576025,9.189301024129271,36.45822491429472,5.367836117142714,1578.400655899527,0.182123905643429,14.070329389461584,7.235870397897533,10.136538980966225,1.445453798166058,2.045941301491775,1.3546437318349134,2.059827336295784,2.0451295405588628,1.592108166020982,4.846038831492747,5.697065042875628,29284.10409073068,796.5237297301026
MUETTE SUD,0.35825940720372734,0.8538652363778244,20.037040373534307,44.3201637588376,3.859910079743556,51.81992616141885,6.323990963328378,1589.0911067030847,0.15710827784187914,10.917164939294478,9.002735835237184,14.962325540563342,1.843216886712885,2.366438675501365,1.846625635586292,2.7196015462575067,2.306667069486689,1.8995504262146685,6.056281197800542,6.925819041958864,20600.45083108155,727.6415633312646
PASTEUR - MONTPARNASSE,0.324995877067566,0.7865166585319978,21.038307572164268,36.415665226207956,3.7220614837195245,59.86227329007252,6.365331343796762,1591.5322713012372,0.16004639787649125,20.311323849921425,10.627578790050986,15.769854578393435,2.1684912977654,2.2386544357810108,1.297007087301381,2.8169587949842896,2.193687406450711,1.3806781162099004,5.704152820847792,6.3913243176449,21192.111075932742,741.0568264850042
GRANGE AUX BELLES - TERRAGE,0.3983427433695307,0.9274858894111772,17.593523736394754,48.79668476337728,2.8191336224023456,48.38418161422038,5.768915783430699,1558.6934696883939,0.16535632994517296,16.78777167113778,8.292030310983586,13.989954357559572,1.6866150250394027,2.152582395740864,1.4966740395259917,2.6268194333360593,2.152582395740864,1.948634387821124,5.335871460306259,6.728036216898049,26569.15299960733,707.1932754193588
BIBLIOTHEQUE - SEINE,0.43325981896697907,1.0162938132942123,23.108565586334205,35.35237977530686,17.314392861390157,47.33322736330298,5.543780775863924,1648.024056664225,0.18297804934958214,9.94128366505897,9.64531532140494,14.328179366121478,2.007547657484459,1.6051915970330974,1.277112809697039,2.5237277256357062,1.5937191319456747,1.4496918402739514,4.889852064214596,5.5671386978553326,21692.658185269913,649.9345610669329
SENTIER - ARTS ET METIERS,0.18726490926539857,1.4235387628574834,18.898307131338978,21.748292812147614,1.1373390181023892,77.11436816975,6.548482371148722,1594.896831891553,0.1515529273600642,35.07580783959938,11.294181028548914,18.981766966156517,2.1801362203348567,2.0650603454155725,1.852976627889131,2.958964295237185,1.9686661858887904,1.8591204799451715,6.09817319363956,6.786750961071147,12625.234226986913,543.4686397769144
CHATEAU D'EAU - LANCRY,0.21655548670294508,1.0338015790762454,17.36385856396717,24.744140605587226,2.606935832211902,72.64892356220088,6.485703725749517,1595.1427610268374,0.1514042063693395,32.61898735561662,11.683027093619442,18.10943416565267,2.4826562387947018,2.319576428413383,1.9289788337621596,2.9403797801909244,2.312897155895834,1.9757599872402638,6.731211500970243,7.229036923327022,15548.473562983927,527.9065707500926
VIOLET - COMMERCE,0.3394145527772422,0.9900635101261901,17.15200588783077,41.56123396489279,3.0038420697310695,55.43492396537616,6.340374977860909,1594.5689398357495,0.15730290163649588,11.313428524576388,9.60574722181405,15.412082466477255,1.9470472210962344,2.7464857432405503,1.413838978728088,2.861847877270474,2.7464857432405503,1.4971323427380947,6.107371943064873,7.105465963249119,21286.264477056007,633.6641066406847
PLACE DES FETES,0.3850372786981514,0.9898829099831021,17.26458394987739,47.80910368200014,1.7079058206401732,50.48299049735968,5.925746987810831,1585.4649197423332,0.17008737024962242,8.510925286727318,9.215894445457344,14.972799058874575,1.8995149258927357,2.4786897618048154,1.5120625250197437,2.7999666036807698,2.484721287685571,1.915492402666616,5.890267212717296,7.200180294032956,15822.805111239086,552.6779728083287
ODEON,0.3769384296718717,1.039366236439661,15.80977787423151,62.0065596345065,1.482373815483327,36.51106655001017,5.8463274408894375,1495.9212693932486,0.18019453513928393,12.416322143489243,5.2188397517246585,10.955491840967454,0.6621622418652968,2.3051472295337376,1.447406930509269,2.008947622247585,2.1449253943326116,1.447406930509269,4.4147164019083025,5.6012799470894645,109235.82600468199,1540.4777444106187
MASSENA - JEANNE D'ARC,0.446680925772952,0.7869662325971478,16.54226256078132,50.98284780974874,4.413238421588865,44.60391376866239,5.842838966281229,1578.5257843826173,0.17336616096931878,9.22013243691013,8.049266963821168,13.091918462921456,1.7844384697887528,2.5445371755668096,1.438792933415303,2.4466009681447596,2.519774118924082,1.756658611973183,5.767768578770865,6.723033699042025,21824.782884032804,638.4358169102748
BATIGNOLLES,0.2957775872808113,1.0533087340925684,16.20179768707812,35.83704827805517,0.5998574637115083,63.56309425823331,6.550882211559508,1587.7059279723792,0.1514582746845557,16.86095938396733,10.512881955961959,17.15784390196967,2.118731312345888,2.381214674401909,1.7806576890581285,2.8841498449839316,2.3081580830893986,1.7806576890581285,6.280603675805924,6.972965617131458,11912.22638747606,462.6471432399805
MONCEAU,0.3917610093521158,0.8117015944134021,16.916330655063582,49.104586450837836,1.6446867935647016,49.250726755597455,6.217651889022921,1545.2490539249309,0.1639025710338106,29.440406398060396,8.391181052052843,13.79223506474753,1.5590010039990232,2.4445976981538475,1.5659791065524018,2.367422041410605,1.953268957054415,1.5659791065524018,5.569577808705272,5.886670105017422,15294.78338950978,567.0580286108386
ANVERS - MONTHOLON,0.21888328405600457,1.5428854075833098,20.339549602096685,28.992590309086054,1.8408219391065468,69.16658775180741,6.450822216640737,1591.423992350688,0.1522136935969116,30.243696960129576,10.854338757112767,19.144591467055715,2.080023931936696,2.4499239991590405,1.8622791340738867,2.938776730091565,2.4499239991590405,1.9009053040625794,6.3922270651696245,7.289606033313184,13184.621713968576,490.14926539101805
MOUTON - DUVERNET,0.32614018284345614,0.8370845759570955,16.182795325000036,38.53513377354323,2.5025036856479836,58.96236254080878,6.404214513141271,1583.8691936397045,0.15480953176479015,23.08240387437069,9.81977549646243,15.670876536533136,1.908174271004483,2.769497156173623,1.5751227302571997,2.7919115538627093,2.779878770073388,1.7123626728453407,6.252794157435305,7.284152996781438,16365.227496990947,583.4171641094186
VAL DE GRACE,0.36272543839395827,0.9521300813442682,17.740109091627627,42.92288789650254,2.4115482965365103,54.66556380696095,6.261990009817833,1596.7288805303028,0.15769622178248785,19.886513020528767,9.31570842522706,15.388685191741047,1.9317506012675851,2.780506065915911,1.8400220272037204,2.717739544227259,2.6217261524717346,1.8400220272037204,6.552278694387216,7.179487723902715,25601.56511758425,805.9977549768544
SAINT - GERMAIN DES PRES,0.22590258043589787,1.060967902985066,19.80801129417768,27.653413297662482,0.8366799976583255,71.5099067046792,6.549449226760089,1597.5275386619953,0.1517307229366031,24.469283496286366,10.869515099947462,18.629026755229937,2.1866820209276057,2.887438218424891,1.9999074709457993,3.0,2.4471840700362386,1.9999074709457993,7.074027710298296,7.447091540982038,19309.375288677584,542.3157921140286
BEL - AIR NORD,0.4450406520067848,0.5402615755885389,17.55287083564302,49.585674341592146,4.145065877624745,46.269259780783116,5.953020219473938,1597.3861144132943,0.16880329051422174,19.23638146016085,8.783857512395057,12.445654135647061,1.8138682214933974,2.6026861788881424,1.3037196313113535,2.4675279973172826,2.65644277916807,1.402227409699564,5.720274031692893,6.526198186184916,22268.172323157673,700.4745582319335
AUTEUIL SUD,0.4470353512108961,0.7599751942099043,17.682997817058798,48.71791317472177,9.435488865056133,41.846597960222084,5.689771633059175,1613.1907831227159,0.1693837993071738,15.452095203751282,8.16136628057774,12.853325443346982,1.6706328601960607,2.1654450086488612,1.5908496865780788,2.4460618763834177,2.1009720489554446,1.7263078083586114,5.426927555423001,6.273341733697473,22807.970061362215,755.8235232470537
PONT DE FLANDRE,0.5416211332808436,0.5750496960748471,14.451727585376386,56.566589063775055,4.91380404632617,38.51960688989877,5.491222232249408,1561.8276690455657,0.17673683372846447,10.958434786789184,7.362440775356683,11.210882395852751,1.6939236596244938,1.9138662607792536,1.3375924561381134,2.2318797590935504,1.9051067544111218,1.4907192432803464,4.94538237654186,5.627705756785018,39780.89167630868,1135.3603299196554
SAINT - PHILIPPE DU ROULE,0.20533864909192823,1.231684099350896,19.99451904972343,25.084024885273312,2.1875684721431874,72.7284066425835,6.560240500371983,1595.1551348433413,0.15273158315995966,39.83063794782635,11.164494253294166,18.474923808611337,2.3022555297867298,2.433323097823208,1.9926686394477617,2.9853372788955235,2.0398134195104327,1.9926686394477617,6.728247267057698,7.017819337853718,19219.054413595317,611.2017183355063
TERNES - MAILLOT,0.3518892350512985,0.8512157932857023,19.21866173273416,39.1300132595767,5.108340300557927,55.76164643986537,6.185743238917773,1597.30472817194,0.16047711075712973,25.585990755357535,10.302736035662319,15.747368284335783,2.0499845623057116,2.481190195687518,1.5060450225483701,2.7216810854768045,2.4135057683089527,1.5060450225483701,6.0372197805416,6.641231876334128,15622.662233214676,557.877663052499
FAUBOURG MONTMARTRE,0.18186818565013954,1.6394867299446627,19.072687827606217,20.76836608178394,1.0699866587781286,78.16164725943793,6.479796508550198,1600.0,0.15070712220074306,35.095384457956335,11.399838784894932,20.036806207826878,2.24501765167164,2.101348359952817,1.9090483490857073,3.0,2.045957692710264,1.9635156194218917,6.255414360710164,7.0094733121321555,11418.125387061775,449.9566633890867
CLIGNANCOURT - JULES JOFFRIN,0.29595519049364116,1.186249721625735,17.294186711342782,35.25974862396687,1.8771225248033376,62.863128851229796,6.478535360494122,1599.6169360894435,0.1511642179996823,17.49086037441085,10.258016593716128,17.45375208361079,2.0690537125977926,2.404281908287104,1.6967295768814445,2.9809158251730254,2.404281908287104,1.8677889430814236,6.17006519776634,7.2529866765415525,16293.18987157794,576.9750511941868
GOUTTE D'OR - CHATEAU ROUGE,0.2686921254188958,0.9881729856665266,17.450517931588827,32.47777192949122,1.392514690000935,66.12971338050785,6.479220111368047,1591.5661365873548,0.15461625924136496,13.069174282003738,10.942047148089586,17.217106851915993,2.1677066832314678,2.103944371490973,1.898308420983787,2.96637193777708,2.0992704251038345,1.9843144387830778,6.169959475706226,7.049956801663991,9107.709588637978,413.13819363637293
LEGENDRE - LEVIS,0.23186386853155233,1.1651477315425853,18.35349050902898,29.018427261383945,2.0345716104129776,68.94700112820307,6.49181191838106,1597.5424567973068,0.1505526289557306,26.450157173614343,11.22676695576002,18.407836577012922,2.226845082513185,2.6645750288675942,1.9540586815230898,2.971527304422778,2.5019820490652407,1.9540586815230898,6.84547879290387,7.4275680350111095,16807.2195936682,553.5438624484752
CHAMPERRET - BERTHIER,0.46516316655990153,0.736338279930201,18.497955181575556,54.0467757640255,6.467054472403496,39.48616976357101,5.9817613420820415,1565.4255606297145,0.16956259668617096,18.679834836899552,8.066477135461232,12.256907681091175,1.5888052212146315,2.3866553710008382,1.5789083286871808,2.3058333740738113,2.3386735181216967,1.579390819316514,5.55436892090265,6.223897711512022,13459.338338729844,542.2410905484085
HOCHE - FRIEDLAND,0.25305676043618686,0.9100083275767235,21.009444973398733,32.19515196610277,1.4770316975292759,66.32781633636795,6.429099984834835,1595.8185905222845,0.15267397387801077,39.256844491661155,11.144083698566487,17.368400512333082,2.281237032248212,2.3149415843984764,1.9622352289122396,2.932143464897296,2.0724255298549275,1.9622352289122396,6.5584138455589285,6.966804223664463,23889.003518854115,706.7232736451451
MUETTE NORD,0.40411869417526847,0.863732890926209,17.354014020065883,50.696170004903344,3.397563131945579,45.90626686315108,6.273988289023274,1577.1378686583735,0.15967097972905323,9.328055851139082,7.852321878629925,12.959018308760536,1.4732958220569337,2.342229075034304,1.7258686440857909,2.425893565935133,2.269742051777814,1.838202831687988,5.541393541177029,6.5338384494009345,21210.25911825039,755.4273078240074
PORTE DES LILAS,0.49696820999223146,0.5698264957377308,13.413610094061886,49.077200535199324,6.880183570913489,44.04261589388719,5.977209032705206,1552.6549700191374,0.17017745967688094,29.780136259250675,7.403863649213586,10.792649259536637,1.4356403808238463,2.036733525516327,1.4615882836008427,1.9761504622980208,2.036733525516327,1.7128782943050487,4.933962189941016,5.725762282119398,25809.17105303943,865.4748393666648
EMERIAU - ZOLA,0.3516828212036102,1.1131504549219193,18.92147444506948,38.604423729772535,5.0390523754231955,56.35652389480426,5.863544854734348,1596.8879265926553,0.1696169787393355,15.722371304461786,9.887885784920305,15.444778481140796,1.9617906122389575,2.1826011149877913,1.526054549851572,2.693337333577704,2.1491609905166382,1.6241441006692068,5.670446277078321,6.466642424763549,19576.435733864317,669.6072406920109
PORTE SAINT-DENIS - PARADIS,0.2260689645575959,1.1088177300831104,16.847543813835966,24.893385886649128,1.8630909022557747,73.24352321109511,6.485891573559554,1597.1783147119106,0.1507054213220224,28.176772042098047,11.743575855291546,18.49688125955216,2.269964418046253,2.0726537745413185,1.9748105761257053,2.966894689559809,1.9844737436548465,1.982420945904962,6.3174287687132775,6.9337893791196175,23747.07289856968,695.9426403234888
GEORGES BRASSENS,0.5300101594183316,0.656611196628935,15.07368393151072,57.75178133545677,5.746937564462761,36.50128110008047,5.79647403801604,1559.2307017982364,0.17607802288920227,11.992556879948003,6.928704298121584,10.322597543791678,1.4403928352152287,2.141474920530252,1.3101712492571382,2.062844687141676,2.2000025210649534,1.6490343370021445,4.892039005002618,5.911881545208774,25079.533031704883,840.6256068164344
MONTMARTRE,0.35175152641254614,0.9898567366337285,16.462223047808592,39.407506341331604,4.925728990246792,55.666764668421614,6.239052923041837,1588.851088262782,0.15785082678506604,10.892735562653662,9.24931165148142,15.460141723794944,1.8432488385196149,2.3027978334429475,1.5484794003986986,2.7036752546912597,2.1808941566842366,1.814274208026148,5.694526072361262,6.698843619401645,17824.668550464357,652.3594142837246
MONTSOURIS - DAREAU,0.5215570949920909,0.6149847434305027,12.756687324463094,61.8228333958532,3.9688622115869743,34.20830439255984,5.793608874650149,1553.2045070742115,0.177380050527635,11.256731772490264,5.664668331792102,9.237176069900261,1.2066287020099498,1.8727691440753198,1.1805145806748958,1.8924875127451073,1.849903949718238,1.4672888083967275,4.259912426760165,5.209680270860073,22864.195640484457,767.2150412188176
DUPLEIX - LA MOTTE PICQUET,0.3535921500662902,0.9380956944864762,18.123652584604052,41.10075255216088,4.056566259436188,54.842681188402935,6.135948181820377,1589.115292463298,0.1655524697107293,11.593423325754062,9.664055519146034,15.162928243848643,1.9734434908029148,2.2507349428667403,1.229013157941079,2.6914264902071983,2.2248824181685674,1.305805440242666,5.453191591610735,6.222114348618432,17976.24746423176,604.9092836898582
LEON BLUM - FOLIE-REGNAULT,0.3490163411321465,0.8561262300471995,17.095896396839883,39.004682814367115,2.7122526841215913,58.283064501511305,6.062640105520531,1578.9890745061043,0.16597067821487693,17.210604267674633,10.072217760293166,15.103983702346705,1.9253615785012481,2.657446069655036,1.9034872269187852,2.631928276315864,2.657446069655036,1.9034872269187852,6.486294875075069,7.192861572889685,21393.08846501654,723.8656185671157
BASSIN DE LA VILLETTE,0.42894234991973557,0.6273992160054721,14.92668265423904,49.02373050986459,3.227063151002234,47.74920633913318,5.86520158410896,1568.208613893184,0.17515296738231773,16.379636882042213,8.227747210988031,13.482008169825017,1.834322882008358,2.104102134965487,1.5366712303642762,2.6621103023600465,2.0886531559764356,1.8163994126590088,5.475096247338121,6.567162870995491,23196.681358197042,809.8476629214655
COURCELLES - WAGRAM,0.24024545149423576,1.1029968679586497,19.68245009792132,30.391359929571152,1.0121866699771083,68.59645340045174,6.487144879569337,1596.0475118987151,0.15076954632698925,24.092512140011358,11.494906462362732,18.371470468129463,2.1943490525082407,2.863458317563229,1.7576106524734243,2.9701001885662865,2.8248530969831975,1.7576106524734243,6.815418022544894,7.5525639380229075,11820.550044852918,473.8436399117948
ROSA PARKS - MACDONALD,0.5497589697347838,0.5089301834876456,14.16221857782045,53.72032527845129,8.672593720887381,37.60708100066134,5.819504027264632,1561.0345180312772,0.18370930022431387,32.71257755992314,7.4457086477438486,10.62869326071051,1.7507531808242143,1.3955020371777256,1.320985016583002,2.049384025066111,1.3737199425703095,1.3890287211666132,4.467240234584942,4.812132688803033,22462.32185740721,888.5661963668883
REUNION - PERE LACHAISE,0.4255661689603102,0.8061507901244338,12.686834081002921,52.23637212283369,16.817321446445405,30.946306430720927,4.712548652065344,1664.3197925401641,0.19213485994321136,5.622494017554085,6.605432785765286,9.873728226436505,1.4952546211408717,2.151298488927833,1.2997322232533102,2.040054503494014,2.188997683761643,1.5099997886963945,4.946285333322015,5.7390519759520515,214917.86014725966,1701.6174510317505
FAUBOURG DU TEMPLE - HOPITAL SAINT-LOUIS,0.33892089838324235,0.9162974373934523,14.652835211725833,39.491211984055006,1.0404400651693466,59.46834795077566,6.188483176115216,1596.8551670612649,0.15615256617681458,14.66676759265809,9.531629937582757,15.397196260710839,1.9051679249603568,1.9256909322568314,1.7877703420666013,2.8145294718946667,1.8480908444655906,1.9157476208103346,5.618629199283791,6.578367937170593,21234.05174411978,616.1502286724417
SAINT BLAISE,0.5431824814015103,0.5643211234078606,15.166649527081603,56.50112561891992,5.22470913484739,38.27416524623269,5.933667047092163,1552.8375094650016,0.1731895557181271,14.733199184470084,7.843385128803474,10.657247259197664,1.710213473775152,2.4682611622678334,1.3355857431182598,1.9829884842640495,2.4748340523832213,1.7897415919829258,5.514060379161245,6.247564128630196,31415.86518380531,854.8171577431557
PEREIRE - MALESHERBES,0.35150675119393804,0.7394870966454234,19.467556458037112,42.61219842337587,2.43306878637344,54.954732790250695,6.230419343384717,1603.0795929108904,0.1585560330184613,24.450118616105424,10.574023407506855,15.268770139958324,2.0312672157329845,2.598535410599713,1.8046215620282946,2.7759006671311477,2.5558992832456133,1.8166984510286175,6.434424188360992,7.148498401405379,17348.093402617815,702.0075896435347
REPUBLIQUE - SAINT-AMBROISE,0.25872416276973337,0.9318266897934407,16.713220126156088,31.269312448180177,3.195332705567016,65.5353548462528,6.474004904720419,1584.6793727646464,0.15416668780933152,29.24980431813917,10.954941612131583,16.888244609563646,2.092263527255678,2.38079245307358,1.7819057657585249,2.832345474318821,2.3697279510676434,1.7819057657585249,6.254961746087783,6.983979191144989,23225.1971436953,677.7730165083785
PERNETY,0.3333381020429909,0.8842709217158781,17.091370342288638,40.068027796541486,1.7726816679281512,58.159290535530346,6.275688278364328,1585.3167439562933,0.15921436056962693,8.246602592081413,9.908993993358745,15.736370147364951,1.9469925130906176,2.588543778976289,1.5122331056607377,2.8353255284198235,2.5793045724907055,1.8016427434375615,6.047769397727645,7.216272844348091,11478.394075174272,490.83946508733834
EUROPE,0.2548773079543817,1.0359430202408584,18.692076085058208,26.656998693520222,4.10341726910368,69.23958403737612,6.328251771430276,1608.7711154995725,0.15440431678716185,31.667346315680096,11.672814634433141,17.898996100230768,2.0609604133677175,2.6171001337528255,1.8771642035525993,2.9068308102882816,2.3657301903214574,1.9372021694548305,6.555224750673141,7.209763170064571,13816.62649029844,563.9577119636018
GROS CAILLOU,0.4144616726834307,0.7481222829144851,17.407398656187414,49.580128749939995,4.733972864551565,45.685898385508445,6.039519852823842,1544.657772599181,0.16943177114949406,14.278894879974276,7.692742762560649,12.725527965297905,1.5513318784368069,2.1849022654831822,1.6077758642526419,2.2741459485343265,2.1072248712530293,1.6272925236280134,5.344010008172631,6.008663343415369,14710.571440501031,546.6895852482729
GRANDES CARRIERES - CLICHY,0.36819939260949386,1.0823500000545305,16.604483522304406,45.00765402996295,6.53929358205127,48.45305238798577,5.745162984943196,1629.0763251088285,0.16704704320058392,15.743850319169095,9.078216666806192,14.351288128570788,1.8233857994154512,2.304090997481193,1.3708421213921829,2.5216396124940594,2.2715687744543507,1.6376069890678147,5.4983189182888275,6.430815376016224,32988.8508477939,764.6823381716924
MAIRIE,0.254063884790143,1.3695440244373593,20.47381700971095,32.806461850554875,1.2454314852389712,65.94810666420615,6.47842305581076,1596.2584862312824,0.15246017994307998,29.152806160453007,10.7551790057708,18.441551735881113,2.1484155466867767,2.496242622312992,1.7616565784982787,2.911908662873065,2.330553942905708,1.7932437071295282,6.406314747498048,7.0357063129083,11592.756057299152,461.98027148689107
SEINE,0.36047827190979626,0.8864214800045838,17.597084992511146,39.70706435052222,5.002477449465869,55.29045820001191,6.221835658716065,1592.5927268762712,0.15810300137691322,28.139013386568543,9.20132239626166,15.7626845284375,1.8670137222633791,2.3695112836696586,1.5528591487523986,2.7189151145516064,2.225925681036621,1.7641241777838872,5.789384154685438,6.708964973372114,13804.539643459537,474.9341514695599
MONNAIE,0.19761990064608384,1.1717080058155522,16.689143317607282,22.38415835149326,0.9733999130603358,76.64244173544637,6.4127866039846575,1601.1418629747482,0.15277930267583645,17.09885679907149,10.571386704696513,18.775947582948255,2.0958041412736588,2.959472815531778,1.996014955763132,2.994106026025807,2.7231087398688234,1.996014955763132,7.051291912568569,7.713229721657763,10468.293176770363,466.56481270779153
BASTILLE - POPINCOURT,0.2676576398651044,0.9532698293743446,15.854057227546722,29.88802564905523,4.48098806340055,65.63098628754422,6.446305654195709,1592.917140437276,0.15305072918149162,35.532876228286995,10.833200948428617,17.0401047626539,2.16975738541958,2.462653101555566,1.9351633116275817,2.8970515698532555,2.4486509862285444,1.9351633116275817,6.567573798602727,7.280865867709381,26067.975123680582,713.3893418393727
BELLEVILLE,0.3943701154232293,0.8723451783431192,16.110939779827433,47.5288930672666,2.7055658110737655,49.76554112165964,6.1424189646783915,1579.9964966639275,0.16392758113351413,11.714072250554125,8.741541778129003,14.106697847746332,1.7434947336840567,2.1868818551781426,1.4519735866945274,2.7236722901787407,2.1698883909954176,1.905482343777918,5.382350175556727,6.799043024952075,20703.491569666887,699.8332642237758
AMANDIERS - MENILMONTANT,0.39718054987506884,0.8757593375291396,15.169268753189739,48.61304347963906,2.2291726803379137,49.15778384002304,6.194794423076477,1575.1173547978976,0.16331420577894715,12.322832479805477,8.73770487070906,13.851277569576062,1.7700962045474666,2.0857333661059063,1.5683068490823577,2.7494422615007057,2.106779600981164,1.8612999382437856,5.4241364197357305,6.717521800725654,14185.786878671146,573.4021546917797
BERCY,0.5110442165671016,0.704035836961513,13.57085812048501,51.1981248445838,9.816555504828091,38.9853196505881,5.453435179582278,1569.2548071339488,0.1888562399759298,15.03500022190016,6.853297000642419,10.87483969815498,1.2849302073039015,1.4500555761786045,1.1923174674560015,2.107516290351372,1.4042440647982086,1.3193152780970385,3.9273032509385075,4.831075633246619,34148.16234637489,916.2978331436482
ECOLE MILITAIRE,0.457838502753318,0.5989603723475234,13.945301548708336,48.570673126947526,3.661638200467079,47.76768867258539,6.096203353152919,1573.6807975328638,0.16846191094713192,13.109171656738358,8.762677544481074,11.964840768672401,1.8475670202648915,2.1303677574790543,1.3628480246419366,2.3263278905512124,1.977255755345047,1.3981443122695634,5.340782802385882,5.701727958165822,21137.37587462716,859.194962660958
MOSKOWA - PORTE MONTMARTRE - PORTE DE CLIGNANCOURT,0.551896896271197,0.44372120555629435,14.511983954517628,59.365299964388754,5.8221394691926065,34.81256056641864,5.677989304234378,1561.8052044141095,0.1708470176211792,27.003445045832702,7.040318951240428,9.225323516008979,1.5829211673746486,2.0924621164118102,1.3614854716013371,1.954651843805394,2.085587878237613,1.7809487513923652,5.036868755387795,5.821188473435372,36576.56402428418,877.8064692363132
AMIRAUX - SIMPLON - POISSONNIERS,0.3714191249766444,0.6139761265641895,17.369231436900424,42.78294914819811,2.95498782063382,54.26206303116807,6.206239857231276,1603.2854362763885,0.15946425286102306,8.438327182295694,10.132914801447104,13.871171035394386,1.9360356086926163,2.259225152110912,1.7870151764119062,2.582871020319562,2.214732939835324,1.9809827050850952,5.982275937215434,6.77858666523998,32814.45325604112,835.6609312697643
PIGALLE - MARTYRS,0.2604650261136281,1.4320481470984057,17.498391124070764,28.48199230113776,1.1049373471140589,70.41307035174817,6.5087973324760435,1599.5601333761977,0.15030790663666152,12.864171677555376,10.504219169922948,18.857325646049148,2.099842311359393,2.398806001840566,1.6557905957657697,2.9999999999999996,2.398806001840566,1.9036356272568173,6.154438908965729,7.302441629097383,13728.108452078588,514.5694685737506
CITROEN - BOUCICAUT,0.4975383227275568,0.7591094585896312,16.889306715378368,55.714406557388294,4.641475463122984,39.64411797948873,5.774150715013856,1564.2139228419396,0.17970188735426462,13.206051048116453,7.401922054340843,11.498674167486957,1.4713420366231516,1.737695608300875,1.2363024260618545,2.2266065570207734,1.6945968622771663,1.3812492861902115,4.445340070985881,5.302452705488151,27678.86279781585,891.5025052314171
JARDIN DE REUILLY,0.44919951093052163,0.7182327698127104,16.504791569859243,44.799443712360606,8.181210092595334,47.019346195044065,5.820230472964134,1616.4785257148046,0.17330921102331848,13.504856494933112,9.41937422697429,13.145814951059814,1.9934382401034663,2.239624589006504,1.2194195642018828,2.4211789752441826,2.2646559372511423,1.3700195581442711,5.452482393311853,6.055854470639597,18177.851626290267,760.5796961921883
SAINT - VINCENT DE PAUL - LARIBOISIERE,0.268575963356187,0.8071261107210337,17.643076300275823,30.97468697927812,2.5265805012920097,66.49873251942988,6.2695862319785265,1593.0930968635244,0.1585454031345648,32.60799136565234,11.783880047765702,16.89426814071936,2.445291503952429,2.0965605041565114,1.9308294943254891,2.747522572226988,2.093135273093253,1.9535121242897624,6.472681502434428,6.794169969610003,17263.213729074887,658.1506758182081
PLATEAU,0.4024222664742355,1.0826701490503567,15.738741875433133,68.3335670267263,1.4703450590912432,30.196087914182446,6.1832534630461,1514.2573964427202,0.16068154388226402,11.749000582211352,4.781258086648643,10.407209680919095,0.6430530957986347,1.8103473868319,1.1559906648640053,2.080824914561474,1.8103473868319,1.4659895048642222,3.60939114749454,5.357161806257595,20168.95278629838,770.0821835698478
MONTPARNASSE - RASPAIL,0.4812208388454595,0.6264267654507081,15.357215682778875,45.68950627596615,16.817244505919707,37.493249218114144,5.532535164069576,1647.8998296710881,0.17387651468671386,21.057936045448848,8.547608981198033,10.915197964608787,1.8408250210919856,2.150199009821373,1.1549971738830298,2.086199768062221,2.143808386383177,1.2035464648167347,5.146021204796389,5.433554619262132,62444.86295279053,1034.9423763498971
SALPETRIERE - AUSTERLITZ,0.43589180813693373,0.673933966099681,16.67429102083865,43.61308431544657,9.94076662243825,46.44614906211518,5.702228670090942,1617.3465583387303,0.1763600172592612,14.215612507730368,8.701544623281976,12.733541625129671,1.7839591722902504,2.1541751284029713,1.2231999852387088,2.459248931938345,2.15114344118262,1.6063828964910103,5.161334285931929,6.216775269611974,16316.495586699375,632.6577024138581
NATIONALE - DEUX MOULINS,0.43994860923667933,0.7817714060599252,18.701594097120985,56.29204763864052,4.317761694841818,39.39019066651768,5.742208732787099,1542.244964042568,0.1774710832363337,15.310264746926045,6.941330134326799,12.154228461349156,1.5069151612196336,2.3941194026872172,1.2579519403820472,2.4107034942189243,2.3818566720378853,1.7886377636616357,5.158986504288898,6.581197929918445,23698.784557147123,760.4572136766207
NATION - ALEXANDRE DUMAS,0.33086099420265863,0.8208076837064112,17.653581204018693,38.240668978853996,2.9604862017040023,58.79884481944202,6.221155578116786,1595.1281486249527,0.1596555903993518,25.252724005628167,10.18836056016398,15.664630377957295,2.0240931186953235,2.7543733883566115,1.8655748305500088,2.8961490759557034,2.758099134372364,1.8655748305500088,6.644041337601944,7.519823040878076,29637.89641960696,838.0500185549131
BELLEVILLE - SAINT-MAUR,0.27043484542067087,0.8586195592206844,16.151315397155642,31.824150216541224,2.727023422482852,65.44882636097591,6.443024350107393,1598.7763648002663,0.15252912728756798,21.150726579067094,10.76253287558059,16.901577187268572,2.0359532679909043,2.295291617734601,1.988298862373804,2.9589163123615467,2.295291617734601,2.0075723126065297,6.319543748099309,7.261780242702677,25259.357873928187,657.9967943616793
TEMPLE - ENFANTS ROUGES,0.21691616265505814,1.433003444625206,17.336072509496443,25.568101876655145,1.390810697168381,73.04108742617647,6.413867614971065,1589.5100518607496,0.15358089813087017,29.93404997012994,10.923640910846355,18.857915751107356,2.152302130126552,2.3787569989880044,1.877499224006308,2.901306644969384,2.36752294486001,1.9483409722195142,6.408558353120863,7.217170562048908,10626.905486835323,433.82538209595685
MARAIS - PLACE DES VOSGES,0.28531398955072695,1.0638530312962338,15.522933808389242,32.76371341358545,0.9963448902747206,66.23994169613982,6.403435563052415,1587.722261595467,0.15432182405714634,12.958734374728861,10.850748203750394,17.22754335189981,2.2713989557833036,2.7674750326843864,1.830737084327808,2.8619658933779943,2.548905256021788,1.9099493000048158,6.869611072795498,7.320820449404597,13893.116081372931,495.2399711309598
ALIGRE - GARE DE LYON,0.32529487807044116,0.7313290963700804,18.51895397416527,34.133906626864615,7.170222775548673,58.69587059758671,6.2903169669314885,1597.0055586589765,0.1618366599524106,24.037052038825045,10.48333333414417,15.971840419072581,2.1319516819731006,2.415427631379549,1.4521968175999072,2.7615376918134027,2.3549107052691656,1.7290763735729593,5.999576130952557,6.845524770655527,19799.607344695996,644.9085300414265
ALLERAY - PROCESSION,0.3484613506873397,1.102331376333361,20.125512735690346,43.99422123702524,1.3769487130521898,54.62883004992257,6.100102421013544,1586.7914776606708,0.16532953035672526,15.835286828813983,9.33078872846627,16.00530577548656,1.9316788328869978,2.4923495965103877,1.4382006893683648,2.9131222376893535,2.4492186271551692,1.7030991514518123,5.86222911876575,7.065440016296336,14096.883635090282,523.6260751224399
AUTEUIL NORD,0.41563493976369753,0.8436893841799491,18.60383315660833,49.940116899157225,3.4134356991107193,46.64644740173205,6.346044064326376,1582.8640234960749,0.1552431934012879,6.414865959373624,8.484919598738792,13.578665721538869,1.7881676612374877,2.556789014494703,1.777532568463365,2.5279038921276693,2.5170165831183873,1.830942519359187,6.122489244195556,6.875862994605244,19027.398700585007,759.1848649415222
VAUGIRARD - PARC DES EXPOSITIONS,0.4962927489570857,0.6950968248270563,14.024066147228616,50.553882892181015,6.385081077760555,43.06103603005843,5.69161431902392,1565.330796679003,0.1799212043785959,11.498394293544116,7.695522983392948,11.265898587339528,1.6470756268851579,1.8871829982296422,1.2540075858650066,1.996508837984925,1.8871829982296422,1.3849548999159174,4.788266210979807,5.268646736130485,36408.404855811,1009.4727237228791
BEL - AIR SUD,0.4519352724906043,1.240370820747057,17.180393332279795,88.18635810494148,3.5595901492068105,8.254051745851703,6.621577309120766,1448.1132835318622,0.16473964821232084,4.357907363707425,0.7429523268282617,5.306822020211207,-0.3603008304265356,1.2732655523465226,1.008493929194385,1.1182565713401331,1.2507322400294039,1.027158377345252,1.921458651114372,3.396147188714789,73380.72765665186,1576.3428704879714
LOUVRE - OPERA,0.35016260442105956,1.1338662028151238,16.878261406212115,42.521091175717785,2.769657493211173,54.70925133107104,6.225746171340107,1552.2695118129304,0.1634873219350316,32.691237582072915,8.057381930663531,14.318960520463577,1.3750707454696742,1.916546845051947,1.5643220987851931,2.4366367492166465,1.7026914706373084,1.586889248616827,4.8559396893068145,5.7262174684707805,78567.76923039867,1241.8695683271844
VALLEE DE FECAMP,0.5665995250744383,1.002582648545428,13.420972657418755,90.37245520759578,3.779302188546684,5.848242603857526,6.237747997301745,1425.6891135547007,0.17595388000854106,3.2576679803740936,1.0148620604204206,4.274376850713579,-0.04480581533269241,1.2063825734179114,1.0323352491718762,0.7512613620715596,1.179738217288033,1.0665051993933277,2.1939120072570955,2.99750477875292,113774.39652573911,1848.8948631765136
TELEGRAPHE - PELLEPORT - SAINT-FARGEAU,0.4476606637221092,0.7581297223752987,16.372940087999407,50.35725011737959,6.387356996720197,43.25539288590019,5.6883973633422595,1605.4938228972899,0.17482536400286697,18.58521046504037,8.737969082294587,12.780284200971264,1.8893343457523057,2.3692633762553568,1.456214816579148,2.5652351569388445,2.44027946310172,1.7568081272054794,5.71481253858681,6.762322747246044,34255.19634346715,919.0815791826316
OPERA - CHAUSSEE D'ANTIN,0.1759081105507326,1.4556758137250911,22.353940011237448,23.316317117136748,1.1787788748245793,75.50490400803868,6.499241731586416,1598.0490604757094,0.1527457590318321,52.303867501264904,11.408509534832575,19.377823509093,2.3244079746092927,1.8739264327301492,1.7805242791885818,3.0,1.6701092843255005,1.8538166108270488,5.9788586865280235,6.52392589515255,13125.115813781715,492.9714449918757
OLYMPIADES - CHOISY,0.5148783133125404,0.6564221169632987,22.42657122172726,48.93470090823268,13.316260990073822,37.749038101693486,5.72066390354227,1530.450216792498,0.18638675046870995,12.028407324725489,8.23893678683004,11.321801815659235,1.663901380116691,2.035058400396113,1.3997770199372592,2.3360521020905205,2.035058400396113,1.5931554039990128,5.098736800450062,5.964265906485646,39340.73362374988,1039.1490223515418
SORBONNE,0.3054340685405429,1.1794828270296012,17.504084347027582,35.443481328331394,1.4810434277733138,63.07547524389528,6.510576636807346,1587.1328915964777,0.15556367519020084,12.995064555272576,9.890524749038804,16.690067620764736,1.8866085270800903,2.4971392905728744,1.8582871345422065,2.808672597656689,2.360555511590814,1.8582871345422065,6.242034952195172,7.027515243789709,12884.864347099032,427.42050365971136
LA CHAPELLE - MARX DORMOY,0.49350615686030147,0.4812900643867946,11.968812588112009,38.807224516176085,16.11294877713484,45.07982670668909,5.472397800426444,1650.7939681322202,0.17334316180102363,12.668363563761222,10.163760369345855,11.872957399777128,2.0643481045925482,1.8760806540611679,1.5351070994344589,2.210432943702026,1.8697198227466478,1.6597561196090584,5.475535858088175,5.739908886057732,27635.995971986213,809.1696069325674
ELYSEES - MADELEINE,0.3232438556930298,1.0297979846539262,17.22627073670515,43.00620842468906,1.4162778086348613,55.57751376667608,6.370141896720343,1551.243690658019,0.1614227642089327,36.27787686993349,8.220808115367591,14.399074396982762,1.5627015088533394,2.187762382925074,1.7344188421348365,2.5031855695055447,1.802155730800345,1.7344188421348365,5.484882733913251,6.039760142440727,21717.77650573865,705.7064768023067
DANUBE,0.48841785545945293,0.7081483692081179,13.861719746087731,59.968053362352784,3.532095950014515,36.49985068763269,6.0472987631229635,1561.8904335447803,0.16856692935979642,10.311290064861607,6.53770282682612,11.146559493775108,1.2783643160291258,2.2394409188253777,1.1927306258931998,2.0860472702885122,2.171598614293257,1.6765209407172927,4.710535860747704,5.934166825299062,16698.834726066372,610.7588033775876
FLANDRE - AUBERVILLIERS,0.4075233849092182,0.9426930309026912,20.136313229637093,49.624935860480875,2.046301648027897,48.32876249149124,5.97577062943272,1595.2644108850964,0.1734736197904529,14.259427495096459,8.532700719348984,14.44231214118401,1.7802986991598353,2.0947762810267716,1.3919672727977739,2.8148079477205434,2.0947762810267716,1.9412583402560453,5.26704225298438,6.85084256900336,27867.057668667796,700.8617002397741
SAINT - VICTOR,0.36001976140598385,1.1131946914105293,20.5929562512976,46.07266637492788,1.3253652280587704,52.60196839701335,6.243644271830619,1574.650198353897,0.16078347587385833,22.835791201409325,8.47456430228876,15.44274607419447,1.8467502795725559,2.4289936115721726,1.6769215487968165,2.7438350887423364,2.3181216466206243,1.6769215487968165,5.952665439941545,6.738878284159776,30981.39326125109,797.2773959003081
CAMBRONNE - GARIBALDI,0.366298540490698,0.9108600649589416,16.79700428109619,41.436199979091754,3.2562063833514485,55.307593637556785,6.293347245896028,1595.4853271456889,0.15698097509990372,22.769861448093785,9.615305534823918,15.212294046421777,2.0243168871052335,2.5234842283812613,1.4371546356444684,2.8602892631225605,2.308397162949868,1.7547115562262159,5.984955751130964,6.923397982298645,23315.19723450039,728.0192397193177
HALLES - BEAUBOURG - MONTORGUEIL,0.19999541353279074,1.6256326662784202,19.965169634809445,23.978762298580467,3.3197435875454047,72.70149411387412,6.43028782975451,1588.0609895972639,0.1556349374932659,25.75908055429703,10.556667909638566,19.096935491170214,2.064735985660976,2.1468183765508098,1.7433742787257627,2.8801150067045853,2.1000353765895268,1.7957266729962913,5.954928640937549,6.775877056290402,8257.590591377368,377.92461552148745
